job,method,seed,nodes,partition,scenario,topology,period,epochs,dataset,use_cycle,event_threshold,hidden,stride,protocol_id,split,policy,accuracy,precision,recall,f1,average_precision,roc_auc,fpr,bytes_total,training_wall_s,modeled_parallel_s
FD001_centralized_s11_n10_d49907b8f853,centralized,11,10,iid,none,ring,1,50,FD001,True,0.02,"[100, 50]",1,22b20344bb16,test_all,fixed,0.989824348879467,0.8712574850299402,0.8765060240963856,0.8738738738738738,0.9522257984447445,0.996626034619356,0.005427237157642307,0,197.5870116769995,197.33888365100017
FD001_centralized_s11_n10_d49907b8f853,centralized,11,10,iid,none,ring,1,50,FD001,True,0.02,"[100, 50]",1,22b20344bb16,test_all,val_f1,0.9892186553603877,0.9802371541501976,0.7469879518072289,0.8478632478632478,0.9522257984447445,0.996626034619356,0.0006310740880979427,0,197.5870116769995,197.33888365100017
FD001_centralized_s11_n10_d49907b8f853,centralized,11,10,iid,none,ring,1,50,FD001,True,0.02,"[100, 50]",1,22b20344bb16,test_all,val_fpr02,0.989824348879467,0.8712574850299402,0.8765060240963856,0.8738738738738738,0.9522257984447445,0.996626034619356,0.005427237157642307,0,197.5870116769995,197.33888365100017
FD001_centralized_s11_n10_d49907b8f853,centralized,11,10,iid,none,ring,1,50,FD001,True,0.02,"[100, 50]",1,22b20344bb16,test_terminal,fixed,0.967741935483871,0.9583333333333334,0.92,0.9387755102040817,0.9954370370370372,0.9982352941176471,0.014705882352941176,0,197.5870116769995,197.33888365100017
FD001_centralized_s11_n10_d49907b8f853,centralized,11,10,iid,none,ring,1,50,FD001,True,0.02,"[100, 50]",1,22b20344bb16,test_terminal,val_f1,0.967741935483871,1.0,0.88,0.9361702127659575,0.9954370370370372,0.9982352941176471,0.0,0,197.5870116769995,197.33888365100017
FD001_centralized_s11_n10_d49907b8f853,centralized,11,10,iid,none,ring,1,50,FD001,True,0.02,"[100, 50]",1,22b20344bb16,test_terminal,val_fpr02,0.967741935483871,0.9583333333333334,0.92,0.9387755102040817,0.9954370370370372,0.9982352941176471,0.014705882352941176,0,197.5870116769995,197.33888365100017
FD001_centralized_s22_n10_8d647c3f0fdc,centralized,22,10,iid,none,ring,1,50,FD001,True,0.02,"[100, 50]",1,22b20344bb16,test_all,fixed,0.9887341005451241,0.8424068767908309,0.8855421686746988,0.8634361233480177,0.9551746485563573,0.9979007282442911,0.00694181496907737,0,194.70115096300015,194.54424019300086
FD001_centralized_s22_n10_8d647c3f0fdc,centralized,22,10,iid,none,ring,1,50,FD001,True,0.02,"[100, 50]",1,22b20344bb16,test_all,val_f1,0.9884918231374924,0.8338028169014085,0.891566265060241,0.8617176128093159,0.9551746485563573,0.9979007282442911,0.007446674239555724,0,194.70115096300015,194.54424019300086
FD001_centralized_s22_n10_8d647c3f0fdc,centralized,22,10,iid,none,ring,1,50,FD001,True,0.02,"[100, 50]",1,22b20344bb16,test_all,val_fpr02,0.9877649909145972,0.8031496062992126,0.9216867469879518,0.8583450210378681,0.9551746485563573,0.9979007282442911,0.00946611132146914,0,194.70115096300015,194.54424019300086
FD001_centralized_s22_n10_8d647c3f0fdc,centralized,22,10,iid,none,ring,1,50,FD001,True,0.02,"[100, 50]",1,22b20344bb16,test_terminal,fixed,0.978494623655914,0.96,0.96,0.96,0.9984615384615384,0.9994117647058824,0.014705882352941176,0,194.70115096300015,194.54424019300086
FD001_centralized_s22_n10_8d647c3f0fdc,centralized,22,10,iid,none,ring,1,50,FD001,True,0.02,"[100, 50]",1,22b20344bb16,test_terminal,val_f1,0.978494623655914,0.96,0.96,0.96,0.9984615384615384,0.9994117647058824,0.014705882352941176,0,194.70115096300015,194.54424019300086
FD001_centralized_s22_n10_8d647c3f0fdc,centralized,22,10,iid,none,ring,1,50,FD001,True,0.02,"[100, 50]",1,22b20344bb16,test_terminal,val_fpr02,0.989247311827957,0.9615384615384616,1.0,0.9803921568627451,0.9984615384615384,0.9994117647058824,0.014705882352941176,0,194.70115096300015,194.54424019300086
FD001_centralized_s33_n10_20588d14651b,centralized,33,10,iid,none,ring,1,50,FD001,True,0.02,"[100, 50]",1,22b20344bb16,test_all,fixed,0.98885523924894,0.9285714285714286,0.7831325301204819,0.8496732026143791,0.951831050532285,0.9973909268273397,0.002524296352391771,0,172.63735476699958,172.47636714700002
FD001_centralized_s33_n10_20588d14651b,centralized,33,10,iid,none,ring,1,50,FD001,True,0.02,"[100, 50]",1,22b20344bb16,test_all,val_f1,0.9903089036947305,0.9038461538461539,0.8493975903614458,0.8757763975155279,0.951831050532285,0.9973909268273397,0.003786444528587656,0,172.63735476699958,172.47636714700002
FD001_centralized_s33_n10_20588d14651b,centralized,33,10,iid,none,ring,1,50,FD001,True,0.02,"[100, 50]",1,22b20344bb16,test_all,val_fpr02,0.9899454875832828,0.8526912181303116,0.9066265060240963,0.8788321167883212,0.951831050532285,0.9973909268273397,0.0065631705162186044,0,172.63735476699958,172.47636714700002
FD001_centralized_s33_n10_20588d14651b,centralized,33,10,iid,none,ring,1,50,FD001,True,0.02,"[100, 50]",1,22b20344bb16,test_terminal,fixed,0.967741935483871,1.0,0.88,0.9361702127659575,1.0000000000000002,1.0,0.0,0,172.63735476699958,172.47636714700002
FD001_centralized_s33_n10_20588d14651b,centralized,33,10,iid,none,ring,1,50,FD001,True,0.02,"[100, 50]",1,22b20344bb16,test_terminal,val_f1,0.989247311827957,1.0,0.96,0.9795918367346939,1.0000000000000002,1.0,0.0,0,172.63735476699958,172.47636714700002
FD001_centralized_s33_n10_20588d14651b,centralized,33,10,iid,none,ring,1,50,FD001,True,0.02,"[100, 50]",1,22b20344bb16,test_terminal,val_fpr02,1.0,1.0,1.0,1.0,1.0000000000000002,1.0,0.0,0,172.63735476699958,172.47636714700002
FD001_centralized_s44_n10_a4961008915b,centralized,44,10,iid,none,ring,1,50,FD001,True,0.02,"[100, 50]",1,22b20344bb16,test_all,fixed,0.987038158691702,0.7819548872180451,0.9397590361445783,0.853625170998632,0.9653063472947572,0.9981736867956491,0.010980689132904203,0,192.7986641189991,192.64218118799636
FD001_centralized_s44_n10_a4961008915b,centralized,44,10,iid,none,ring,1,50,FD001,True,0.02,"[100, 50]",1,22b20344bb16,test_all,val_f1,0.9913991520290732,0.8942598187311178,0.891566265060241,0.8929110105580694,0.9653063472947572,0.9981736867956491,0.004417518616685599,0,192.7986641189991,192.64218118799636
FD001_centralized_s44_n10_a4961008915b,centralized,44,10,iid,none,ring,1,50,FD001,True,0.02,"[100, 50]",1,22b20344bb16,test_all,val_fpr02,0.9911568746214415,0.8865671641791045,0.8945783132530121,0.8905547226386806,0.9653063472947572,0.9981736867956491,0.004796163069544364,0,192.7986641189991,192.64218118799636
FD001_centralized_s44_n10_a4961008915b,centralized,44,10,iid,none,ring,1,50,FD001,True,0.02,"[100, 50]",1,22b20344bb16,test_terminal,fixed,0.946236559139785,0.8846153846153846,0.92,0.9019607843137255,0.9912698412698414,0.9964705882352942,0.04411764705882353,0,192.7986641189991,192.64218118799636
FD001_centralized_s44_n10_a4961008915b,centralized,44,10,iid,none,ring,1,50,FD001,True,0.02,"[100, 50]",1,22b20344bb16,test_terminal,val_f1,0.978494623655914,1.0,0.92,0.9583333333333334,0.9912698412698414,0.9964705882352942,0.0,0,192.7986641189991,192.64218118799636
FD001_centralized_s44_n10_a4961008915b,centralized,44,10,iid,none,ring,1,50,FD001,True,0.02,"[100, 50]",1,22b20344bb16,test_terminal,val_fpr02,0.978494623655914,1.0,0.92,0.9583333333333334,0.9912698412698414,0.9964705882352942,0.0,0,192.7986641189991,192.64218118799636
FD001_centralized_s55_n10_1a027f83654d,centralized,55,10,iid,none,ring,1,50,FD001,True,0.02,"[100, 50]",1,22b20344bb16,test_all,fixed,0.987886129618413,0.8841059602649006,0.8042168674698795,0.8422712933753943,0.9226679516277617,0.9954543657401284,0.004417518616685599,0,197.19123528600358,197.0244692100041
FD001_centralized_s55_n10_1a027f83654d,centralized,55,10,iid,none,ring,1,50,FD001,True,0.02,"[100, 50]",1,22b20344bb16,test_all,val_f1,0.9877649909145972,0.8811881188118812,0.8042168674698795,0.8409448818897638,0.9226679516277617,0.9954543657401284,0.004543733434305188,0,197.19123528600358,197.0244692100041
FD001_centralized_s55_n10_1a027f83654d,centralized,55,10,iid,none,ring,1,50,FD001,True,0.02,"[100, 50]",1,22b20344bb16,test_all,val_fpr02,0.9850999394306481,0.8138138138138138,0.8162650602409639,0.8150375939849624,0.9226679516277617,0.9954543657401284,0.00782531869241449,0,197.19123528600358,197.0244692100041
FD001_centralized_s55_n10_1a027f83654d,centralized,55,10,iid,none,ring,1,50,FD001,True,0.02,"[100, 50]",1,22b20344bb16,test_terminal,fixed,0.967741935483871,0.9583333333333334,0.92,0.9387755102040817,0.9868055555555557,0.9941176470588236,0.014705882352941176,0,197.19123528600358,197.0244692100041
FD001_centralized_s55_n10_1a027f83654d,centralized,55,10,iid,none,ring,1,50,FD001,True,0.02,"[100, 50]",1,22b20344bb16,test_terminal,val_f1,0.967741935483871,0.9583333333333334,0.92,0.9387755102040817,0.9868055555555557,0.9941176470588236,0.014705882352941176,0,197.19123528600358,197.0244692100041
FD001_centralized_s55_n10_1a027f83654d,centralized,55,10,iid,none,ring,1,50,FD001,True,0.02,"[100, 50]",1,22b20344bb16,test_terminal,val_fpr02,0.967741935483871,0.9583333333333334,0.92,0.9387755102040817,0.9868055555555557,0.9941176470588236,0.014705882352941176,0,197.19123528600358,197.0244692100041
FD001_event_gossip_s11_n10_89440d1b1384,event_gossip,11,10,iid,none,ring,1,50,FD001,True,0.02,"[100, 50]",1,22b20344bb16,test_all,fixed,0.9875227135069655,0.8459214501510574,0.8433734939759037,0.8446455505279035,0.9412676054006517,0.9966724147631799,0.006436955698599016,322620000,184.21706269000038,48.01089006299959
FD001_event_gossip_s11_n10_89440d1b1384,event_gossip,11,10,iid,none,ring,1,50,FD001,True,0.02,"[100, 50]",1,22b20344bb16,test_all,val_f1,0.9893397940642035,0.9388489208633094,0.786144578313253,0.8557377049180328,0.9412676054006517,0.9966724147631799,0.002145651899533005,322620000,184.21706269000038,48.01089006299959
FD001_event_gossip_s11_n10_89440d1b1384,event_gossip,11,10,iid,none,ring,1,50,FD001,True,0.02,"[100, 50]",1,22b20344bb16,test_all,val_fpr02,0.9887341005451241,0.9050847457627119,0.8042168674698795,0.8516746411483254,0.9412676054006517,0.9966724147631799,0.003534014893348479,322620000,184.21706269000038,48.01089006299959
FD001_event_gossip_s11_n10_89440d1b1384,event_gossip,11,10,iid,none,ring,1,50,FD001,True,0.02,"[100, 50]",1,22b20344bb16,test_terminal,fixed,0.9354838709677419,0.88,0.88,0.88,0.9770871193388357,0.991764705882353,0.04411764705882353,322620000,184.21706269000038,48.01089006299959
FD001_event_gossip_s11_n10_89440d1b1384,event_gossip,11,10,iid,none,ring,1,50,FD001,True,0.02,"[100, 50]",1,22b20344bb16,test_terminal,val_f1,0.956989247311828,0.9565217391304348,0.88,0.9166666666666666,0.9770871193388357,0.991764705882353,0.014705882352941176,322620000,184.21706269000038,48.01089006299959
FD001_event_gossip_s11_n10_89440d1b1384,event_gossip,11,10,iid,none,ring,1,50,FD001,True,0.02,"[100, 50]",1,22b20344bb16,test_terminal,val_fpr02,0.946236559139785,0.9166666666666666,0.88,0.8979591836734694,0.9770871193388357,0.991764705882353,0.029411764705882353,322620000,184.21706269000038,48.01089006299959
FD001_event_gossip_s22_n10_45444a6a701d,event_gossip,22,10,iid,none,ring,1,50,FD001,True,0.02,"[100, 50]",1,22b20344bb16,test_all,fixed,0.9849788007268322,0.9,0.7048192771084337,0.7905405405405406,0.9049506917309967,0.9932049287646612,0.0032815852581093022,322620000,193.68949286000088,49.950667381997405
FD001_event_gossip_s22_n10_45444a6a701d,event_gossip,22,10,iid,none,ring,1,50,FD001,True,0.02,"[100, 50]",1,22b20344bb16,test_all,val_f1,0.9852210781344639,0.8723404255319149,0.7409638554216867,0.8013029315960912,0.9049506917309967,0.9932049287646612,0.004543733434305188,322620000,193.68949286000088,49.950667381997405
FD001_event_gossip_s22_n10_45444a6a701d,event_gossip,22,10,iid,none,ring,1,50,FD001,True,0.02,"[100, 50]",1,22b20344bb16,test_all,val_fpr02,0.9854633555420957,0.8605442176870748,0.7620481927710844,0.8083067092651757,0.9049506917309967,0.9932049287646612,0.00517480752240313,322620000,193.68949286000088,49.950667381997405
FD001_event_gossip_s22_n10_45444a6a701d,event_gossip,22,10,iid,none,ring,1,50,FD001,True,0.02,"[100, 50]",1,22b20344bb16,test_terminal,fixed,0.946236559139785,0.9545454545454546,0.84,0.8936170212765957,0.9754606738888609,0.991764705882353,0.014705882352941176,322620000,193.68949286000088,49.950667381997405
FD001_event_gossip_s22_n10_45444a6a701d,event_gossip,22,10,iid,none,ring,1,50,FD001,True,0.02,"[100, 50]",1,22b20344bb16,test_terminal,val_f1,0.946236559139785,0.9545454545454546,0.84,0.8936170212765957,0.9754606738888609,0.991764705882353,0.014705882352941176,322620000,193.68949286000088,49.950667381997405
FD001_event_gossip_s22_n10_45444a6a701d,event_gossip,22,10,iid,none,ring,1,50,FD001,True,0.02,"[100, 50]",1,22b20344bb16,test_terminal,val_fpr02,0.967741935483871,0.9583333333333334,0.92,0.9387755102040817,0.9754606738888609,0.991764705882353,0.014705882352941176,322620000,193.68949286000088,49.950667381997405
FD001_event_gossip_s33_n10_91c40fe5343a,event_gossip,33,10,iid,none,ring,1,50,FD001,True,0.02,"[100, 50]",1,22b20344bb16,test_all,fixed,0.9850999394306481,0.8692579505300353,0.7409638554216867,0.8,0.9111780272298512,0.9945347463310266,0.004669948251924776,320684376,191.8047366789997,49.492536653999665
FD001_event_gossip_s33_n10_91c40fe5343a,event_gossip,33,10,iid,none,ring,1,50,FD001,True,0.02,"[100, 50]",1,22b20344bb16,test_all,val_f1,0.9838885523924894,0.7867435158501441,0.822289156626506,0.8041237113402062,0.9111780272298512,0.9945347463310266,0.009339896503849553,320684376,191.8047366789997,49.492536653999665
FD001_event_gossip_s33_n10_91c40fe5343a,event_gossip,33,10,iid,none,ring,1,50,FD001,True,0.02,"[100, 50]",1,22b20344bb16,test_all,val_fpr02,0.9838885523924894,0.7867435158501441,0.822289156626506,0.8041237113402062,0.9111780272298512,0.9945347463310266,0.009339896503849553,320684376,191.8047366789997,49.492536653999665
FD001_event_gossip_s33_n10_91c40fe5343a,event_gossip,33,10,iid,none,ring,1,50,FD001,True,0.02,"[100, 50]",1,22b20344bb16,test_terminal,fixed,0.946236559139785,1.0,0.8,0.8888888888888888,0.9842420110044234,0.9935294117647059,0.0,320684376,191.8047366789997,49.492536653999665
FD001_event_gossip_s33_n10_91c40fe5343a,event_gossip,33,10,iid,none,ring,1,50,FD001,True,0.02,"[100, 50]",1,22b20344bb16,test_terminal,val_f1,0.956989247311828,0.92,0.92,0.92,0.9842420110044234,0.9935294117647059,0.029411764705882353,320684376,191.8047366789997,49.492536653999665
FD001_event_gossip_s33_n10_91c40fe5343a,event_gossip,33,10,iid,none,ring,1,50,FD001,True,0.02,"[100, 50]",1,22b20344bb16,test_terminal,val_fpr02,0.956989247311828,0.92,0.92,0.92,0.9842420110044234,0.9935294117647059,0.029411764705882353,320684376,191.8047366789997,49.492536653999665
FD001_event_gossip_s44_n10_797f7c96c20f,event_gossip,44,10,iid,none,ring,1,50,FD001,True,0.02,"[100, 50]",1,22b20344bb16,test_all,fixed,0.9841308298001211,0.7947214076246334,0.8162650602409639,0.8053491827637445,0.8949337843888657,0.992473871251762,0.008835037233371198,322620000,185.74022097700163,47.897595724005
FD001_event_gossip_s44_n10_797f7c96c20f,event_gossip,44,10,iid,none,ring,1,50,FD001,True,0.02,"[100, 50]",1,22b20344bb16,test_all,val_f1,0.9847365233192005,0.9256198347107438,0.6746987951807228,0.7804878048780488,0.8949337843888657,0.992473871251762,0.002271866717152594,322620000,185.74022097700163,47.897595724005
FD001_event_gossip_s44_n10_797f7c96c20f,event_gossip,44,10,iid,none,ring,1,50,FD001,True,0.02,"[100, 50]",1,22b20344bb16,test_all,val_fpr02,0.9853422168382798,0.8836363636363637,0.7319277108433735,0.800658978583196,0.8949337843888657,0.992473871251762,0.004038874163826834,322620000,185.74022097700163,47.897595724005
FD001_event_gossip_s44_n10_797f7c96c20f,event_gossip,44,10,iid,none,ring,1,50,FD001,True,0.02,"[100, 50]",1,22b20344bb16,test_terminal,fixed,0.946236559139785,0.9166666666666666,0.88,0.8979591836734694,0.9770968112347425,0.9911764705882353,0.029411764705882353,322620000,185.74022097700163,47.897595724005
FD001_event_gossip_s44_n10_797f7c96c20f,event_gossip,44,10,iid,none,ring,1,50,FD001,True,0.02,"[100, 50]",1,22b20344bb16,test_terminal,val_f1,0.9354838709677419,1.0,0.76,0.8636363636363636,0.9770968112347425,0.9911764705882353,0.0,322620000,185.74022097700163,47.897595724005
FD001_event_gossip_s44_n10_797f7c96c20f,event_gossip,44,10,iid,none,ring,1,50,FD001,True,0.02,"[100, 50]",1,22b20344bb16,test_terminal,val_fpr02,0.946236559139785,0.9545454545454546,0.84,0.8936170212765957,0.9770968112347425,0.9911764705882353,0.014705882352941176,322620000,185.74022097700163,47.897595724005
FD001_event_gossip_s55_n10_fb580757d4a6,event_gossip,55,10,iid,none,ring,1,50,FD001,True,0.02,"[100, 50]",1,22b20344bb16,test_all,fixed,0.9826771653543307,0.8620689655172413,0.677710843373494,0.7588532883642496,0.8789309863572703,0.9929996396034725,0.004543733434305188,321329584,189.30807791499683,49.79483439800926
FD001_event_gossip_s55_n10_fb580757d4a6,event_gossip,55,10,iid,none,ring,1,50,FD001,True,0.02,"[100, 50]",1,22b20344bb16,test_all,val_f1,0.9800121138703816,0.7553516819571865,0.7439759036144579,0.7496206373292867,0.8789309863572703,0.9929996396034725,0.010097185409567083,321329584,189.30807791499683,49.79483439800926
FD001_event_gossip_s55_n10_fb580757d4a6,event_gossip,55,10,iid,none,ring,1,50,FD001,True,0.02,"[100, 50]",1,22b20344bb16,test_all,val_fpr02,0.9796486977589339,0.7440476190476191,0.7530120481927711,0.7485029940119761,0.8789309863572703,0.9929996396034725,0.010854474315284614,321329584,189.30807791499683,49.79483439800926
FD001_event_gossip_s55_n10_fb580757d4a6,event_gossip,55,10,iid,none,ring,1,50,FD001,True,0.02,"[100, 50]",1,22b20344bb16,test_terminal,fixed,0.946236559139785,0.9545454545454546,0.84,0.8936170212765957,0.9754326626843792,0.9911764705882353,0.014705882352941176,321329584,189.30807791499683,49.79483439800926
FD001_event_gossip_s55_n10_fb580757d4a6,event_gossip,55,10,iid,none,ring,1,50,FD001,True,0.02,"[100, 50]",1,22b20344bb16,test_terminal,val_f1,0.956989247311828,0.9565217391304348,0.88,0.9166666666666666,0.9754326626843792,0.9911764705882353,0.014705882352941176,321329584,189.30807791499683,49.79483439800926
FD001_event_gossip_s55_n10_fb580757d4a6,event_gossip,55,10,iid,none,ring,1,50,FD001,True,0.02,"[100, 50]",1,22b20344bb16,test_terminal,val_fpr02,0.967741935483871,0.9583333333333334,0.92,0.9387755102040817,0.9754326626843792,0.9911764705882353,0.014705882352941176,321329584,189.30807791499683,49.79483439800926
FD001_event_gossip_weighted_s11_n10_d39ca5eff10f,event_gossip_weighted,11,10,iid,none,ring,1,50,FD001,True,0.02,"[100, 50]",1,22b20344bb16,test_all,fixed,0.9802543912780133,0.6817204301075269,0.9548192771084337,0.795483061480552,0.9316625543225544,0.9964895553436769,0.018679793007699105,322620000,193.42690348099973,48.78988575599921
FD001_event_gossip_weighted_s11_n10_d39ca5eff10f,event_gossip_weighted,11,10,iid,none,ring,1,50,FD001,True,0.02,"[100, 50]",1,22b20344bb16,test_all,val_f1,0.9874015748031496,0.8904109589041096,0.7831325301204819,0.8333333333333334,0.9316625543225544,0.9964895553436769,0.004038874163826834,322620000,193.42690348099973,48.78988575599921
FD001_event_gossip_weighted_s11_n10_d39ca5eff10f,event_gossip_weighted,11,10,iid,none,ring,1,50,FD001,True,0.02,"[100, 50]",1,22b20344bb16,test_all,val_fpr02,0.9874015748031496,0.8904109589041096,0.7831325301204819,0.8333333333333334,0.9316625543225544,0.9964895553436769,0.004038874163826834,322620000,193.42690348099973,48.78988575599921
FD001_event_gossip_weighted_s11_n10_d39ca5eff10f,event_gossip_weighted,11,10,iid,none,ring,1,50,FD001,True,0.02,"[100, 50]",1,22b20344bb16,test_terminal,fixed,0.967741935483871,0.8928571428571429,1.0,0.9433962264150944,0.9541364636216301,0.9858823529411765,0.04411764705882353,322620000,193.42690348099973,48.78988575599921
FD001_event_gossip_weighted_s11_n10_d39ca5eff10f,event_gossip_weighted,11,10,iid,none,ring,1,50,FD001,True,0.02,"[100, 50]",1,22b20344bb16,test_terminal,val_f1,0.9354838709677419,0.9130434782608695,0.84,0.875,0.9541364636216301,0.9858823529411765,0.029411764705882353,322620000,193.42690348099973,48.78988575599921
FD001_event_gossip_weighted_s11_n10_d39ca5eff10f,event_gossip_weighted,11,10,iid,none,ring,1,50,FD001,True,0.02,"[100, 50]",1,22b20344bb16,test_terminal,val_fpr02,0.9354838709677419,0.9130434782608695,0.84,0.875,0.9541364636216301,0.9858823529411765,0.029411764705882353,322620000,193.42690348099973,48.78988575599921
FD001_event_gossip_weighted_s22_n10_02cdb21b404a,event_gossip_weighted,22,10,iid,none,ring,1,50,FD001,True,0.02,"[100, 50]",1,22b20344bb16,test_all,fixed,0.9831617201695941,0.7601078167115903,0.8493975903614458,0.802275960170697,0.8992286307602317,0.9928992760135582,0.01123311876814338,321974792,189.67865127600044,49.28158692999979
FD001_event_gossip_weighted_s22_n10_02cdb21b404a,event_gossip_weighted,22,10,iid,none,ring,1,50,FD001,True,0.02,"[100, 50]",1,22b20344bb16,test_all,val_f1,0.984251968503937,0.8740740740740741,0.7108433734939759,0.7840531561461794,0.8992286307602317,0.9928992760135582,0.00429130379906601,321974792,189.67865127600044,49.28158692999979
FD001_event_gossip_weighted_s22_n10_02cdb21b404a,event_gossip_weighted,22,10,iid,none,ring,1,50,FD001,True,0.02,"[100, 50]",1,22b20344bb16,test_all,val_fpr02,0.9831617201695941,0.8875502008032129,0.6656626506024096,0.7607573149741824,0.8992286307602317,0.9928992760135582,0.003534014893348479,321974792,189.67865127600044,49.28158692999979
FD001_event_gossip_weighted_s22_n10_02cdb21b404a,event_gossip_weighted,22,10,iid,none,ring,1,50,FD001,True,0.02,"[100, 50]",1,22b20344bb16,test_terminal,fixed,0.946236559139785,0.8846153846153846,0.92,0.9019607843137255,0.984512529016877,0.9941176470588236,0.04411764705882353,321974792,189.67865127600044,49.28158692999979
FD001_event_gossip_weighted_s22_n10_02cdb21b404a,event_gossip_weighted,22,10,iid,none,ring,1,50,FD001,True,0.02,"[100, 50]",1,22b20344bb16,test_terminal,val_f1,0.946236559139785,0.9545454545454546,0.84,0.8936170212765957,0.984512529016877,0.9941176470588236,0.014705882352941176,321974792,189.67865127600044,49.28158692999979
FD001_event_gossip_weighted_s22_n10_02cdb21b404a,event_gossip_weighted,22,10,iid,none,ring,1,50,FD001,True,0.02,"[100, 50]",1,22b20344bb16,test_terminal,val_fpr02,0.9354838709677419,1.0,0.76,0.8636363636363636,0.984512529016877,0.9941176470588236,0.0,321974792,189.67865127600044,49.28158692999979
FD001_event_gossip_weighted_s33_n10_b60321033a11,event_gossip_weighted,33,10,iid,none,ring,1,50,FD001,True,0.02,"[100, 50]",1,22b20344bb16,test_all,fixed,0.9825560266505149,0.7526881720430108,0.8433734939759037,0.7954545454545454,0.9119463704968852,0.9947636057292403,0.011611763221002146,321329584,194.2106482379986,50.101356725002475
FD001_event_gossip_weighted_s33_n10_b60321033a11,event_gossip_weighted,33,10,iid,none,ring,1,50,FD001,True,0.02,"[100, 50]",1,22b20344bb16,test_all,val_f1,0.9841308298001211,0.8073394495412844,0.7951807228915663,0.8012139605462822,0.9119463704968852,0.9947636057292403,0.007951533510034078,321329584,194.2106482379986,50.101356725002475
FD001_event_gossip_weighted_s33_n10_b60321033a11,event_gossip_weighted,33,10,iid,none,ring,1,50,FD001,True,0.02,"[100, 50]",1,22b20344bb16,test_all,val_fpr02,0.9836462749848577,0.7871720116618076,0.8132530120481928,0.8,0.9119463704968852,0.9947636057292403,0.009213681686229963,321329584,194.2106482379986,50.101356725002475
FD001_event_gossip_weighted_s33_n10_b60321033a11,event_gossip_weighted,33,10,iid,none,ring,1,50,FD001,True,0.02,"[100, 50]",1,22b20344bb16,test_terminal,fixed,0.956989247311828,0.92,0.92,0.92,0.9858800503843984,0.9947058823529412,0.029411764705882353,321329584,194.2106482379986,50.101356725002475
FD001_event_gossip_weighted_s33_n10_b60321033a11,event_gossip_weighted,33,10,iid,none,ring,1,50,FD001,True,0.02,"[100, 50]",1,22b20344bb16,test_terminal,val_f1,0.956989247311828,0.9565217391304348,0.88,0.9166666666666666,0.9858800503843984,0.9947058823529412,0.014705882352941176,321329584,194.2106482379986,50.101356725002475
FD001_event_gossip_weighted_s33_n10_b60321033a11,event_gossip_weighted,33,10,iid,none,ring,1,50,FD001,True,0.02,"[100, 50]",1,22b20344bb16,test_terminal,val_fpr02,0.956989247311828,0.92,0.92,0.92,0.9858800503843984,0.9947058823529412,0.029411764705882353,321329584,194.2106482379986,50.101356725002475
FD001_event_gossip_weighted_s44_n10_8f76fe72ffbe,event_gossip_weighted,44,10,iid,none,ring,1,50,FD001,True,0.02,"[100, 50]",1,22b20344bb16,test_all,fixed,0.9798909751665658,0.7161458333333334,0.8283132530120482,0.7681564245810056,0.8713313618402093,0.9895891783719505,0.013757415120535152,322620000,201.54913802899864,56.87844179600281
FD001_event_gossip_weighted_s44_n10_8f76fe72ffbe,event_gossip_weighted,44,10,iid,none,ring,1,50,FD001,True,0.02,"[100, 50]",1,22b20344bb16,test_all,val_f1,0.9838885523924894,0.8395904436860068,0.7409638554216867,0.7872,0.8713313618402093,0.9895891783719505,0.005932096428120662,322620000,201.54913802899864,56.87844179600281
FD001_event_gossip_weighted_s44_n10_8f76fe72ffbe,event_gossip_weighted,44,10,iid,none,ring,1,50,FD001,True,0.02,"[100, 50]",1,22b20344bb16,test_all,val_fpr02,0.9840096910963053,0.8676470588235294,0.7108433734939759,0.7814569536423841,0.8713313618402093,0.9895891783719505,0.004543733434305188,322620000,201.54913802899864,56.87844179600281
FD001_event_gossip_weighted_s44_n10_8f76fe72ffbe,event_gossip_weighted,44,10,iid,none,ring,1,50,FD001,True,0.02,"[100, 50]",1,22b20344bb16,test_terminal,fixed,0.9354838709677419,0.9130434782608695,0.84,0.875,0.9727651199375338,0.9894117647058824,0.029411764705882353,322620000,201.54913802899864,56.87844179600281
FD001_event_gossip_weighted_s44_n10_8f76fe72ffbe,event_gossip_weighted,44,10,iid,none,ring,1,50,FD001,True,0.02,"[100, 50]",1,22b20344bb16,test_terminal,val_f1,0.946236559139785,0.9545454545454546,0.84,0.8936170212765957,0.9727651199375338,0.9894117647058824,0.014705882352941176,322620000,201.54913802899864,56.87844179600281
FD001_event_gossip_weighted_s44_n10_8f76fe72ffbe,event_gossip_weighted,44,10,iid,none,ring,1,50,FD001,True,0.02,"[100, 50]",1,22b20344bb16,test_terminal,val_fpr02,0.946236559139785,0.9545454545454546,0.84,0.8936170212765957,0.9727651199375338,0.9894117647058824,0.014705882352941176,322620000,201.54913802899864,56.87844179600281
FD001_event_gossip_weighted_s55_n10_b895a5feaada,event_gossip_weighted,55,10,iid,none,ring,1,50,FD001,True,0.02,"[100, 50]",1,22b20344bb16,test_all,fixed,0.9772259236826166,0.6875,0.7951807228915663,0.7374301675977654,0.865262826196191,0.9923583010573153,0.015145778114350625,322620000,190.53076574499755,49.98125144000325
FD001_event_gossip_weighted_s55_n10_b895a5feaada,event_gossip_weighted,55,10,iid,none,ring,1,50,FD001,True,0.02,"[100, 50]",1,22b20344bb16,test_all,val_f1,0.9788007268322229,0.7573770491803279,0.6957831325301205,0.7252747252747253,0.865262826196191,0.9923583010573153,0.009339896503849553,322620000,190.53076574499755,49.98125144000325
FD001_event_gossip_weighted_s55_n10_b895a5feaada,event_gossip_weighted,55,10,iid,none,ring,1,50,FD001,True,0.02,"[100, 50]",1,22b20344bb16,test_all,val_fpr02,0.9781950333131435,0.7303030303030303,0.7259036144578314,0.7280966767371602,0.865262826196191,0.9923583010573153,0.01123311876814338,322620000,190.53076574499755,49.98125144000325
FD001_event_gossip_weighted_s55_n10_b895a5feaada,event_gossip_weighted,55,10,iid,none,ring,1,50,FD001,True,0.02,"[100, 50]",1,22b20344bb16,test_terminal,fixed,0.956989247311828,0.92,0.92,0.92,0.9788043101939576,0.9923529411764705,0.029411764705882353,322620000,190.53076574499755,49.98125144000325
FD001_event_gossip_weighted_s55_n10_b895a5feaada,event_gossip_weighted,55,10,iid,none,ring,1,50,FD001,True,0.02,"[100, 50]",1,22b20344bb16,test_terminal,val_f1,0.956989247311828,0.9565217391304348,0.88,0.9166666666666666,0.9788043101939576,0.9923529411764705,0.014705882352941176,322620000,190.53076574499755,49.98125144000325
FD001_event_gossip_weighted_s55_n10_b895a5feaada,event_gossip_weighted,55,10,iid,none,ring,1,50,FD001,True,0.02,"[100, 50]",1,22b20344bb16,test_terminal,val_fpr02,0.956989247311828,0.9565217391304348,0.88,0.9166666666666666,0.9788043101939576,0.9923529411764705,0.014705882352941176,322620000,190.53076574499755,49.98125144000325
FD001_fedavg_s11_n10_00c24805a491,fedavg,11,10,iid,packet_loss,ring,1,50,FD001,True,0.02,"[100, 50]",1,d3f904be6308,test_all,fixed,0.9863113264688068,0.8498402555910544,0.8012048192771084,0.8248062015503876,0.9169278943177703,0.9942218704427707,0.005932096428120662,322604000,192.16174389901062,284.5819259570028
FD001_fedavg_s11_n10_00c24805a491,fedavg,11,10,iid,packet_loss,ring,1,50,FD001,True,0.02,"[100, 50]",1,d3f904be6308,test_all,val_f1,0.9866747425802543,0.8827586206896552,0.7710843373493976,0.8231511254019293,0.9169278943177703,0.9942218704427707,0.00429130379906601,322604000,192.16174389901062,284.5819259570028
FD001_fedavg_s11_n10_00c24805a491,fedavg,11,10,iid,packet_loss,ring,1,50,FD001,True,0.02,"[100, 50]",1,d3f904be6308,test_all,val_fpr02,0.9857056329497275,0.8364779874213837,0.8012048192771084,0.8184615384615385,0.9169278943177703,0.9942218704427707,0.0065631705162186044,322604000,192.16174389901062,284.5819259570028
FD001_fedavg_s11_n10_00c24805a491,fedavg,11,10,iid,packet_loss,ring,1,50,FD001,True,0.02,"[100, 50]",1,d3f904be6308,test_terminal,fixed,0.956989247311828,0.9565217391304348,0.88,0.9166666666666666,0.9868383141762453,0.9947058823529411,0.014705882352941176,322604000,192.16174389901062,284.5819259570028
FD001_fedavg_s11_n10_00c24805a491,fedavg,11,10,iid,packet_loss,ring,1,50,FD001,True,0.02,"[100, 50]",1,d3f904be6308,test_terminal,val_f1,0.956989247311828,0.9565217391304348,0.88,0.9166666666666666,0.9868383141762453,0.9947058823529411,0.014705882352941176,322604000,192.16174389901062,284.5819259570028
FD001_fedavg_s11_n10_00c24805a491,fedavg,11,10,iid,packet_loss,ring,1,50,FD001,True,0.02,"[100, 50]",1,d3f904be6308,test_terminal,val_fpr02,0.956989247311828,0.9565217391304348,0.88,0.9166666666666666,0.9868383141762453,0.9947058823529411,0.014705882352941176,322604000,192.16174389901062,284.5819259570028
FD001_fedavg_s11_n10_2cb3f1a4a597,fedavg,11,10,iid,node_failure,ring,1,50,FD001,True,0.02,"[100, 50]",1,77f2bb654cec,test_all,fixed,0.9857056329497275,0.842948717948718,0.7921686746987951,0.8167701863354038,0.9191418670033571,0.9947506801153877,0.006184526063359838,306473800,179.91614969301008,268.3662773869939
FD001_fedavg_s11_n10_2cb3f1a4a597,fedavg,11,10,iid,node_failure,ring,1,50,FD001,True,0.02,"[100, 50]",1,77f2bb654cec,test_all,val_f1,0.9855844942459115,0.8901098901098901,0.7319277108433735,0.8033057851239669,0.9191418670033571,0.9947506801153877,0.003786444528587656,306473800,179.91614969301008,268.3662773869939
FD001_fedavg_s11_n10_2cb3f1a4a597,fedavg,11,10,iid,node_failure,ring,1,50,FD001,True,0.02,"[100, 50]",1,77f2bb654cec,test_all,val_fpr02,0.9857056329497275,0.8386075949367089,0.7981927710843374,0.8179012345679012,0.9191418670033571,0.9947506801153877,0.006436955698599016,306473800,179.91614969301008,268.3662773869939
FD001_fedavg_s11_n10_2cb3f1a4a597,fedavg,11,10,iid,node_failure,ring,1,50,FD001,True,0.02,"[100, 50]",1,77f2bb654cec,test_terminal,fixed,0.956989247311828,0.92,0.92,0.92,0.9874133837177318,0.9952941176470589,0.029411764705882353,306473800,179.91614969301008,268.3662773869939
FD001_fedavg_s11_n10_2cb3f1a4a597,fedavg,11,10,iid,node_failure,ring,1,50,FD001,True,0.02,"[100, 50]",1,77f2bb654cec,test_terminal,val_f1,0.946236559139785,0.9545454545454546,0.84,0.8936170212765957,0.9874133837177318,0.9952941176470589,0.014705882352941176,306473800,179.91614969301008,268.3662773869939
FD001_fedavg_s11_n10_2cb3f1a4a597,fedavg,11,10,iid,node_failure,ring,1,50,FD001,True,0.02,"[100, 50]",1,77f2bb654cec,test_terminal,val_fpr02,0.956989247311828,0.92,0.92,0.92,0.9874133837177318,0.9952941176470589,0.029411764705882353,306473800,179.91614969301008,268.3662773869939
FD001_fedavg_s11_n10_5f287d116438,fedavg,11,10,iid,none,ring,1,50,FD001,False,0.02,"[100, 50]",1,451d41a53b0b,test_all,fixed,0.9855844942459115,0.8514851485148515,0.7771084337349398,0.8125984251968504,0.9104212861722213,0.9944362835666786,0.005679666792881484,322604000,196.30423094400066,282.7246370519945
FD001_fedavg_s11_n10_5f287d116438,fedavg,11,10,iid,none,ring,1,50,FD001,False,0.02,"[100, 50]",1,451d41a53b0b,test_all,val_f1,0.9855844942459115,0.8446601941747572,0.786144578313253,0.8143525741029641,0.9104212861722213,0.9944362835666786,0.00605831124574025,322604000,196.30423094400066,282.7246370519945
FD001_fedavg_s11_n10_5f287d116438,fedavg,11,10,iid,none,ring,1,50,FD001,False,0.02,"[100, 50]",1,451d41a53b0b,test_all,val_fpr02,0.9855844942459115,0.8446601941747572,0.786144578313253,0.8143525741029641,0.9104212861722213,0.9944362835666786,0.00605831124574025,322604000,196.30423094400066,282.7246370519945
FD001_fedavg_s11_n10_5f287d116438,fedavg,11,10,iid,none,ring,1,50,FD001,False,0.02,"[100, 50]",1,451d41a53b0b,test_terminal,fixed,0.946236559139785,0.9166666666666666,0.88,0.8979591836734694,0.9852980398023878,0.9947058823529412,0.029411764705882353,322604000,196.30423094400066,282.7246370519945
FD001_fedavg_s11_n10_5f287d116438,fedavg,11,10,iid,none,ring,1,50,FD001,False,0.02,"[100, 50]",1,451d41a53b0b,test_terminal,val_f1,0.956989247311828,0.92,0.92,0.92,0.9852980398023878,0.9947058823529412,0.029411764705882353,322604000,196.30423094400066,282.7246370519945
FD001_fedavg_s11_n10_5f287d116438,fedavg,11,10,iid,none,ring,1,50,FD001,False,0.02,"[100, 50]",1,451d41a53b0b,test_terminal,val_fpr02,0.956989247311828,0.92,0.92,0.92,0.9852980398023878,0.9947058823529412,0.029411764705882353,322604000,196.30423094400066,282.7246370519945
FD001_fedavg_s11_n10_76a816396410,fedavg,11,10,lifetime,none,ring,1,50,FD001,True,0.02,"[100, 50]",1,c3abb1342efd,test_all,fixed,0.981465778316172,0.9013452914798207,0.6054216867469879,0.7243243243243244,0.857249705517411,0.985159494471639,0.002776725987630948,322604000,182.42164886799583,287.4689592419975
FD001_fedavg_s11_n10_76a816396410,fedavg,11,10,lifetime,none,ring,1,50,FD001,True,0.02,"[100, 50]",1,c3abb1342efd,test_all,val_f1,0.98328285887341,0.825503355704698,0.7409638554216867,0.780952380952381,0.857249705517411,0.985159494471639,0.0065631705162186044,322604000,182.42164886799583,287.4689592419975
FD001_fedavg_s11_n10_76a816396410,fedavg,11,10,lifetime,none,ring,1,50,FD001,True,0.02,"[100, 50]",1,c3abb1342efd,test_all,val_fpr02,0.9823137492428831,0.8419117647058824,0.6897590361445783,0.7582781456953642,0.857249705517411,0.985159494471639,0.005427237157642307,322604000,182.42164886799583,287.4689592419975
FD001_fedavg_s11_n10_76a816396410,fedavg,11,10,lifetime,none,ring,1,50,FD001,True,0.02,"[100, 50]",1,c3abb1342efd,test_terminal,fixed,0.9032258064516129,0.9444444444444444,0.68,0.7906976744186046,0.9536121655009657,0.9829411764705882,0.014705882352941176,322604000,182.42164886799583,287.4689592419975
FD001_fedavg_s11_n10_76a816396410,fedavg,11,10,lifetime,none,ring,1,50,FD001,True,0.02,"[100, 50]",1,c3abb1342efd,test_terminal,val_f1,0.946236559139785,0.9545454545454546,0.84,0.8936170212765957,0.9536121655009657,0.9829411764705882,0.014705882352941176,322604000,182.42164886799583,287.4689592419975
FD001_fedavg_s11_n10_76a816396410,fedavg,11,10,lifetime,none,ring,1,50,FD001,True,0.02,"[100, 50]",1,c3abb1342efd,test_terminal,val_fpr02,0.9354838709677419,0.9523809523809523,0.8,0.8695652173913043,0.9536121655009657,0.9829411764705882,0.014705882352941176,322604000,182.42164886799583,287.4689592419975
FD001_fedavg_s11_n10_dee136c43c1f,fedavg,11,10,iid,none,ring,1,50,FD001,True,0.02,"[100, 50]",1,22b20344bb16,test_all,fixed,0.9863113264688068,0.8762886597938144,0.7680722891566265,0.8186195826645265,0.9200737039795581,0.9947567627572007,0.004543733434305188,322604000,191.49966594699936,281.5499907590006
FD001_fedavg_s11_n10_dee136c43c1f,fedavg,11,10,iid,none,ring,1,50,FD001,True,0.02,"[100, 50]",1,22b20344bb16,test_all,val_f1,0.9861901877649909,0.8682432432432432,0.7740963855421686,0.8184713375796179,0.9200737039795581,0.9947567627572007,0.004922377887163953,322604000,191.49966594699936,281.5499907590006
FD001_fedavg_s11_n10_dee136c43c1f,fedavg,11,10,iid,none,ring,1,50,FD001,True,0.02,"[100, 50]",1,22b20344bb16,test_all,val_fpr02,0.9858267716535433,0.8391167192429022,0.8012048192771084,0.8197226502311248,0.9200737039795581,0.9947567627572007,0.006436955698599016,322604000,191.49966594699936,281.5499907590006
FD001_fedavg_s11_n10_dee136c43c1f,fedavg,11,10,iid,none,ring,1,50,FD001,True,0.02,"[100, 50]",1,22b20344bb16,test_terminal,fixed,0.956989247311828,0.9565217391304348,0.88,0.9166666666666666,0.9909706959706962,0.9964705882352942,0.014705882352941176,322604000,191.49966594699936,281.5499907590006
FD001_fedavg_s11_n10_dee136c43c1f,fedavg,11,10,iid,none,ring,1,50,FD001,True,0.02,"[100, 50]",1,22b20344bb16,test_terminal,val_f1,0.967741935483871,0.9583333333333334,0.92,0.9387755102040817,0.9909706959706962,0.9964705882352942,0.014705882352941176,322604000,191.49966594699936,281.5499907590006
FD001_fedavg_s11_n10_dee136c43c1f,fedavg,11,10,iid,none,ring,1,50,FD001,True,0.02,"[100, 50]",1,22b20344bb16,test_terminal,val_fpr02,0.956989247311828,0.92,0.92,0.92,0.9909706959706962,0.9964705882352942,0.029411764705882353,322604000,191.49966594699936,281.5499907590006
FD001_fedavg_s11_n10_eded7b6fe62f,fedavg,11,10,iid,server_outage,ring,1,50,FD001,True,0.02,"[100, 50]",1,ace76c4c163e,test_all,fixed,0.9861901877649909,0.8343558282208589,0.8192771084337349,0.8267477203647416,0.9267054634388708,0.9957258036310329,0.006815600151457781,225822800,188.86136881099992,203.7600198129918
FD001_fedavg_s11_n10_eded7b6fe62f,fedavg,11,10,iid,server_outage,ring,1,50,FD001,True,0.02,"[100, 50]",1,ace76c4c163e,test_all,val_f1,0.9860690490611751,0.8144927536231884,0.8463855421686747,0.8301329394387001,0.9267054634388708,0.9957258036310329,0.008077748327653667,225822800,188.86136881099992,203.7600198129918
FD001_fedavg_s11_n10_eded7b6fe62f,fedavg,11,10,iid,server_outage,ring,1,50,FD001,True,0.02,"[100, 50]",1,ace76c4c163e,test_all,val_fpr02,0.9863113264688068,0.8230088495575221,0.8403614457831325,0.8315946348733234,0.9267054634388708,0.9957258036310329,0.007572889057175312,225822800,188.86136881099992,203.7600198129918
FD001_fedavg_s11_n10_eded7b6fe62f,fedavg,11,10,iid,server_outage,ring,1,50,FD001,True,0.02,"[100, 50]",1,ace76c4c163e,test_terminal,fixed,0.956989247311828,0.92,0.92,0.92,0.9922934472934475,0.9970588235294118,0.029411764705882353,225822800,188.86136881099992,203.7600198129918
FD001_fedavg_s11_n10_eded7b6fe62f,fedavg,11,10,iid,server_outage,ring,1,50,FD001,True,0.02,"[100, 50]",1,ace76c4c163e,test_terminal,val_f1,0.956989247311828,0.92,0.92,0.92,0.9922934472934475,0.9970588235294118,0.029411764705882353,225822800,188.86136881099992,203.7600198129918
FD001_fedavg_s11_n10_eded7b6fe62f,fedavg,11,10,iid,server_outage,ring,1,50,FD001,True,0.02,"[100, 50]",1,ace76c4c163e,test_terminal,val_fpr02,0.956989247311828,0.92,0.92,0.92,0.9922934472934475,0.9970588235294118,0.029411764705882353,225822800,188.86136881099992,203.7600198129918
FD001_fedavg_s11_n20_e48c7cd662f0,fedavg,11,20,iid,none,ring,1,50,FD001,True,0.02,"[100, 50]",1,15ec19a42f2d,test_all,fixed,0.9840096910963053,0.8105590062111802,0.786144578313253,0.7981651376146789,0.8889608261193171,0.9915276402847285,0.007699103874794901,645208000,187.20784992599692,532.1157094260046
FD001_fedavg_s11_n20_e48c7cd662f0,fedavg,11,20,iid,none,ring,1,50,FD001,True,0.02,"[100, 50]",1,15ec19a42f2d,test_all,val_f1,0.9843731072077528,0.8394648829431438,0.7560240963855421,0.7955625990491284,0.8889608261193171,0.9915276402847285,0.00605831124574025,645208000,187.20784992599692,532.1157094260046
FD001_fedavg_s11_n20_e48c7cd662f0,fedavg,11,20,iid,none,ring,1,50,FD001,True,0.02,"[100, 50]",1,15ec19a42f2d,test_all,val_fpr02,0.9837674136886735,0.8132911392405063,0.7740963855421686,0.7932098765432098,0.8889608261193171,0.9915276402847285,0.007446674239555724,645208000,187.20784992599692,532.1157094260046
FD001_fedavg_s11_n20_e48c7cd662f0,fedavg,11,20,iid,none,ring,1,50,FD001,True,0.02,"[100, 50]",1,15ec19a42f2d,test_terminal,fixed,0.946236559139785,0.9545454545454546,0.84,0.8936170212765957,0.983504980842912,0.9935294117647059,0.014705882352941176,645208000,187.20784992599692,532.1157094260046
FD001_fedavg_s11_n20_e48c7cd662f0,fedavg,11,20,iid,none,ring,1,50,FD001,True,0.02,"[100, 50]",1,15ec19a42f2d,test_terminal,val_f1,0.956989247311828,1.0,0.84,0.9130434782608695,0.983504980842912,0.9935294117647059,0.0,645208000,187.20784992599692,532.1157094260046
FD001_fedavg_s11_n20_e48c7cd662f0,fedavg,11,20,iid,none,ring,1,50,FD001,True,0.02,"[100, 50]",1,15ec19a42f2d,test_terminal,val_fpr02,0.946236559139785,0.9545454545454546,0.84,0.8936170212765957,0.983504980842912,0.9935294117647059,0.014705882352941176,645208000,187.20784992599692,532.1157094260046
FD001_fedavg_s11_n40_d853268d1464,fedavg,11,40,iid,none,ring,1,50,FD001,True,0.02,"[100, 50]",1,0d56a1322361,test_all,fixed,0.9806178073894609,0.9018691588785047,0.5813253012048193,0.706959706959707,0.8093877094903646,0.9767947214834347,0.0026505111700113595,1290416000,185.9158878310045,1040.9948768080008
FD001_fedavg_s11_n40_d853268d1464,fedavg,11,40,iid,none,ring,1,50,FD001,True,0.02,"[100, 50]",1,0d56a1322361,test_all,val_f1,0.9804966686856451,0.7938144329896907,0.6957831325301205,0.7415730337078652,0.8093877094903646,0.9767947214834347,0.007572889057175312,1290416000,185.9158878310045,1040.9948768080008
FD001_fedavg_s11_n40_d853268d1464,fedavg,11,40,iid,none,ring,1,50,FD001,True,0.02,"[100, 50]",1,0d56a1322361,test_all,val_fpr02,0.9811023622047244,0.8076923076923077,0.6957831325301205,0.7475728155339806,0.8093877094903646,0.9767947214834347,0.00694181496907737,1290416000,185.9158878310045,1040.9948768080008
FD001_fedavg_s11_n40_d853268d1464,fedavg,11,40,iid,none,ring,1,50,FD001,True,0.02,"[100, 50]",1,0d56a1322361,test_terminal,fixed,0.9032258064516129,0.9444444444444444,0.68,0.7906976744186046,0.9327492919818268,0.9694117647058823,0.014705882352941176,1290416000,185.9158878310045,1040.9948768080008
FD001_fedavg_s11_n40_d853268d1464,fedavg,11,40,iid,none,ring,1,50,FD001,True,0.02,"[100, 50]",1,0d56a1322361,test_terminal,val_f1,0.9247311827956989,0.95,0.76,0.8444444444444444,0.9327492919818268,0.9694117647058823,0.014705882352941176,1290416000,185.9158878310045,1040.9948768080008
FD001_fedavg_s11_n40_d853268d1464,fedavg,11,40,iid,none,ring,1,50,FD001,True,0.02,"[100, 50]",1,0d56a1322361,test_terminal,val_fpr02,0.9247311827956989,0.95,0.76,0.8444444444444444,0.9327492919818268,0.9694117647058823,0.014705882352941176,1290416000,185.9158878310045,1040.9948768080008
FD001_fedavg_s11_n5_a661fe894167,fedavg,11,5,iid,none,ring,1,50,FD001,True,0.02,"[100, 50]",1,ab89e2e3e236,test_all,fixed,0.9899454875832828,0.973384030418251,0.7710843373493976,0.8605042016806723,0.9540778575678909,0.9974080342574387,0.0008835037233371198,161302000,196.10369127500053,175.22795585899743
FD001_fedavg_s11_n5_a661fe894167,fedavg,11,5,iid,none,ring,1,50,FD001,True,0.02,"[100, 50]",1,ab89e2e3e236,test_all,val_f1,0.989824348879467,0.8827160493827161,0.8614457831325302,0.8719512195121951,0.9540778575678909,0.9974080342574387,0.004796163069544364,161302000,196.10369127500053,175.22795585899743
FD001_fedavg_s11_n5_a661fe894167,fedavg,11,5,iid,none,ring,1,50,FD001,True,0.02,"[100, 50]",1,ab89e2e3e236,test_all,val_fpr02,0.9899454875832828,0.8854489164086687,0.8614457831325302,0.8732824427480916,0.9540778575678909,0.9974080342574387,0.004669948251924776,161302000,196.10369127500053,175.22795585899743
FD001_fedavg_s11_n5_a661fe894167,fedavg,11,5,iid,none,ring,1,50,FD001,True,0.02,"[100, 50]",1,ab89e2e3e236,test_terminal,fixed,0.956989247311828,0.9565217391304348,0.88,0.9166666666666666,0.9907601139601141,0.9964705882352941,0.014705882352941176,161302000,196.10369127500053,175.22795585899743
FD001_fedavg_s11_n5_a661fe894167,fedavg,11,5,iid,none,ring,1,50,FD001,True,0.02,"[100, 50]",1,ab89e2e3e236,test_terminal,val_f1,0.967741935483871,0.9230769230769231,0.96,0.9411764705882353,0.9907601139601141,0.9964705882352941,0.029411764705882353,161302000,196.10369127500053,175.22795585899743
FD001_fedavg_s11_n5_a661fe894167,fedavg,11,5,iid,none,ring,1,50,FD001,True,0.02,"[100, 50]",1,ab89e2e3e236,test_terminal,val_fpr02,0.967741935483871,0.9230769230769231,0.96,0.9411764705882353,0.9907601139601141,0.9964705882352941,0.029411764705882353,161302000,196.10369127500053,175.22795585899743
FD001_fedavg_s22_n10_0edf8b7fc37d,fedavg,22,10,iid,packet_loss,ring,1,50,FD001,True,0.02,"[100, 50]",1,d3f904be6308,test_all,fixed,0.9840096910963053,0.8012048192771084,0.8012048192771084,0.8012048192771084,0.8972877727670824,0.9933052923545754,0.008330177962892843,322604000,196.49723347500367,283.2054761920092
FD001_fedavg_s22_n10_0edf8b7fc37d,fedavg,22,10,iid,packet_loss,ring,1,50,FD001,True,0.02,"[100, 50]",1,d3f904be6308,test_all,val_f1,0.9846153846153847,0.8838951310861424,0.7108433734939759,0.7879799666110183,0.8972877727670824,0.9933052923545754,0.003912659346207245,322604000,196.49723347500367,283.2054761920092
FD001_fedavg_s22_n10_0edf8b7fc37d,fedavg,22,10,iid,packet_loss,ring,1,50,FD001,True,0.02,"[100, 50]",1,d3f904be6308,test_all,val_fpr02,0.9843731072077528,0.8664259927797834,0.7228915662650602,0.7881773399014779,0.8972877727670824,0.9933052923545754,0.004669948251924776,322604000,196.49723347500367,283.2054761920092
FD001_fedavg_s22_n10_0edf8b7fc37d,fedavg,22,10,iid,packet_loss,ring,1,50,FD001,True,0.02,"[100, 50]",1,d3f904be6308,test_terminal,fixed,0.946236559139785,0.9166666666666666,0.88,0.8979591836734694,0.9675291467952648,0.9894117647058823,0.029411764705882353,322604000,196.49723347500367,283.2054761920092
FD001_fedavg_s22_n10_0edf8b7fc37d,fedavg,22,10,iid,packet_loss,ring,1,50,FD001,True,0.02,"[100, 50]",1,d3f904be6308,test_terminal,val_f1,0.946236559139785,0.9545454545454546,0.84,0.8936170212765957,0.9675291467952648,0.9894117647058823,0.014705882352941176,322604000,196.49723347500367,283.2054761920092
FD001_fedavg_s22_n10_0edf8b7fc37d,fedavg,22,10,iid,packet_loss,ring,1,50,FD001,True,0.02,"[100, 50]",1,d3f904be6308,test_terminal,val_fpr02,0.946236559139785,0.9545454545454546,0.84,0.8936170212765957,0.9675291467952648,0.9894117647058823,0.014705882352941176,322604000,196.49723347500367,283.2054761920092
FD001_fedavg_s22_n10_26759548be94,fedavg,22,10,iid,none,ring,1,50,FD001,True,0.02,"[100, 50]",1,22b20344bb16,test_all,fixed,0.9850999394306481,0.8338658146964856,0.786144578313253,0.8093023255813954,0.9049832492892556,0.9937770772601956,0.0065631705162186044,322604000,196.1024412010015,282.9390532049981
FD001_fedavg_s22_n10_26759548be94,fedavg,22,10,iid,none,ring,1,50,FD001,True,0.02,"[100, 50]",1,22b20344bb16,test_all,val_f1,0.9850999394306481,0.9163346613545816,0.6927710843373494,0.7890222984562607,0.9049832492892556,0.9937770772601956,0.0026505111700113595,322604000,196.1024412010015,282.9390532049981
FD001_fedavg_s22_n10_26759548be94,fedavg,22,10,iid,none,ring,1,50,FD001,True,0.02,"[100, 50]",1,22b20344bb16,test_all,val_fpr02,0.9849788007268322,0.8636363636363636,0.7439759036144579,0.7993527508090615,0.9049832492892556,0.9937770772601956,0.004922377887163953,322604000,196.1024412010015,282.9390532049981
FD001_fedavg_s22_n10_26759548be94,fedavg,22,10,iid,none,ring,1,50,FD001,True,0.02,"[100, 50]",1,22b20344bb16,test_terminal,fixed,0.946236559139785,0.9166666666666666,0.88,0.8979591836734694,0.9739273405555275,0.9911764705882353,0.029411764705882353,322604000,196.1024412010015,282.9390532049981
FD001_fedavg_s22_n10_26759548be94,fedavg,22,10,iid,none,ring,1,50,FD001,True,0.02,"[100, 50]",1,22b20344bb16,test_terminal,val_f1,0.946236559139785,0.9545454545454546,0.84,0.8936170212765957,0.9739273405555275,0.9911764705882353,0.014705882352941176,322604000,196.1024412010015,282.9390532049981
FD001_fedavg_s22_n10_26759548be94,fedavg,22,10,iid,none,ring,1,50,FD001,True,0.02,"[100, 50]",1,22b20344bb16,test_terminal,val_fpr02,0.946236559139785,0.9545454545454546,0.84,0.8936170212765957,0.9739273405555275,0.9911764705882353,0.014705882352941176,322604000,196.1024412010015,282.9390532049981
FD001_fedavg_s22_n10_2bb3a7d93b38,fedavg,22,10,iid,server_outage,ring,1,50,FD001,True,0.02,"[100, 50]",1,ace76c4c163e,test_all,fixed,0.9850999394306481,0.8518518518518519,0.7620481927710844,0.8044515103338633,0.9056726099119122,0.9938466474759318,0.005553451975261896,225822800,199.54859638799826,205.71137340599546
FD001_fedavg_s22_n10_2bb3a7d93b38,fedavg,22,10,iid,server_outage,ring,1,50,FD001,True,0.02,"[100, 50]",1,ace76c4c163e,test_all,val_f1,0.9850999394306481,0.9066147859922179,0.7018072289156626,0.7911714770797963,0.9056726099119122,0.9938466474759318,0.003029155622870125,225822800,199.54859638799826,205.71137340599546
FD001_fedavg_s22_n10_2bb3a7d93b38,fedavg,22,10,iid,server_outage,ring,1,50,FD001,True,0.02,"[100, 50]",1,ace76c4c163e,test_all,val_fpr02,0.9848576620230164,0.8657243816254417,0.7379518072289156,0.7967479674796748,0.9056726099119122,0.9938466474759318,0.004796163069544364,225822800,199.54859638799826,205.71137340599546
FD001_fedavg_s22_n10_2bb3a7d93b38,fedavg,22,10,iid,server_outage,ring,1,50,FD001,True,0.02,"[100, 50]",1,ace76c4c163e,test_terminal,fixed,0.956989247311828,0.9565217391304348,0.88,0.9166666666666666,0.9752948619230489,0.991764705882353,0.014705882352941176,225822800,199.54859638799826,205.71137340599546
FD001_fedavg_s22_n10_2bb3a7d93b38,fedavg,22,10,iid,server_outage,ring,1,50,FD001,True,0.02,"[100, 50]",1,ace76c4c163e,test_terminal,val_f1,0.946236559139785,0.9545454545454546,0.84,0.8936170212765957,0.9752948619230489,0.991764705882353,0.014705882352941176,225822800,199.54859638799826,205.71137340599546
FD001_fedavg_s22_n10_2bb3a7d93b38,fedavg,22,10,iid,server_outage,ring,1,50,FD001,True,0.02,"[100, 50]",1,ace76c4c163e,test_terminal,val_fpr02,0.946236559139785,0.9545454545454546,0.84,0.8936170212765957,0.9752948619230489,0.991764705882353,0.014705882352941176,225822800,199.54859638799826,205.71137340599546
FD001_fedavg_s22_n10_7747403b4785,fedavg,22,10,lifetime,none,ring,1,50,FD001,True,0.02,"[100, 50]",1,c3abb1342efd,test_all,fixed,0.9827983040581466,0.9203539823008849,0.6265060240963856,0.7455197132616488,0.8807362487518015,0.9921092929080958,0.002271866717152594,322604000,188.6851781200039,291.9342660860032
FD001_fedavg_s22_n10_7747403b4785,fedavg,22,10,lifetime,none,ring,1,50,FD001,True,0.02,"[100, 50]",1,c3abb1342efd,test_all,val_f1,0.9803755299818292,0.956989247311828,0.536144578313253,0.6872586872586872,0.8807362487518015,0.9921092929080958,0.0010097185409567084,322604000,188.6851781200039,291.9342660860032
FD001_fedavg_s22_n10_7747403b4785,fedavg,22,10,lifetime,none,ring,1,50,FD001,True,0.02,"[100, 50]",1,c3abb1342efd,test_all,val_fpr02,0.9821926105390673,0.9468599033816425,0.5903614457831325,0.7272727272727273,0.8807362487518015,0.9921092929080958,0.001388362993815474,322604000,188.6851781200039,291.9342660860032
FD001_fedavg_s22_n10_7747403b4785,fedavg,22,10,lifetime,none,ring,1,50,FD001,True,0.02,"[100, 50]",1,c3abb1342efd,test_terminal,fixed,0.9139784946236559,0.9473684210526315,0.72,0.8181818181818182,0.9644929609254957,0.9882352941176471,0.014705882352941176,322604000,188.6851781200039,291.9342660860032
FD001_fedavg_s22_n10_7747403b4785,fedavg,22,10,lifetime,none,ring,1,50,FD001,True,0.02,"[100, 50]",1,c3abb1342efd,test_terminal,val_f1,0.8817204301075269,0.9375,0.6,0.7317073170731707,0.9644929609254957,0.9882352941176471,0.014705882352941176,322604000,188.6851781200039,291.9342660860032
FD001_fedavg_s22_n10_7747403b4785,fedavg,22,10,lifetime,none,ring,1,50,FD001,True,0.02,"[100, 50]",1,c3abb1342efd,test_terminal,val_fpr02,0.9032258064516129,0.9444444444444444,0.68,0.7906976744186046,0.9644929609254957,0.9882352941176471,0.014705882352941176,322604000,188.6851781200039,291.9342660860032
FD001_fedavg_s22_n10_b3714b7c10f4,fedavg,22,10,iid,node_failure,ring,1,50,FD001,True,0.02,"[100, 50]",1,77f2bb654cec,test_all,fixed,0.9849788007268322,0.8489932885906041,0.7620481927710844,0.8031746031746032,0.8992718956612074,0.9930946808818006,0.005679666792881484,306473800,184.21301275999394,269.9006435460025
FD001_fedavg_s22_n10_b3714b7c10f4,fedavg,22,10,iid,node_failure,ring,1,50,FD001,True,0.02,"[100, 50]",1,77f2bb654cec,test_all,val_f1,0.9847365233192005,0.8759124087591241,0.7228915662650602,0.7920792079207921,0.8992718956612074,0.9930946808818006,0.00429130379906601,306473800,184.21301275999394,269.9006435460025
FD001_fedavg_s22_n10_b3714b7c10f4,fedavg,22,10,iid,node_failure,ring,1,50,FD001,True,0.02,"[100, 50]",1,77f2bb654cec,test_all,val_fpr02,0.9843731072077528,0.8664259927797834,0.7228915662650602,0.7881773399014779,0.8992718956612074,0.9930946808818006,0.004669948251924776,306473800,184.21301275999394,269.9006435460025
FD001_fedavg_s22_n10_b3714b7c10f4,fedavg,22,10,iid,node_failure,ring,1,50,FD001,True,0.02,"[100, 50]",1,77f2bb654cec,test_terminal,fixed,0.9354838709677419,0.9130434782608695,0.84,0.875,0.9711016105633807,0.99,0.029411764705882353,306473800,184.21301275999394,269.9006435460025
FD001_fedavg_s22_n10_b3714b7c10f4,fedavg,22,10,iid,node_failure,ring,1,50,FD001,True,0.02,"[100, 50]",1,77f2bb654cec,test_terminal,val_f1,0.9354838709677419,0.9523809523809523,0.8,0.8695652173913043,0.9711016105633807,0.99,0.014705882352941176,306473800,184.21301275999394,269.9006435460025
FD001_fedavg_s22_n10_b3714b7c10f4,fedavg,22,10,iid,node_failure,ring,1,50,FD001,True,0.02,"[100, 50]",1,77f2bb654cec,test_terminal,val_fpr02,0.9354838709677419,0.9523809523809523,0.8,0.8695652173913043,0.9711016105633807,0.99,0.014705882352941176,306473800,184.21301275999394,269.9006435460025
FD001_fedavg_s22_n10_e19c6e9eafe2,fedavg,22,10,iid,none,ring,1,50,FD001,False,0.02,"[100, 50]",1,451d41a53b0b,test_all,fixed,0.9844942459115688,0.8695652173913043,0.7228915662650602,0.7894736842105263,0.8977712022347383,0.9934676228579596,0.004543733434305188,322604000,193.62788621800246,283.0563682300028
FD001_fedavg_s22_n10_e19c6e9eafe2,fedavg,22,10,iid,none,ring,1,50,FD001,False,0.02,"[100, 50]",1,451d41a53b0b,test_all,val_f1,0.9838885523924894,0.919831223628692,0.6566265060240963,0.7662565905096661,0.8977712022347383,0.9934676228579596,0.002398081534772182,322604000,193.62788621800246,283.0563682300028
FD001_fedavg_s22_n10_e19c6e9eafe2,fedavg,22,10,iid,none,ring,1,50,FD001,False,0.02,"[100, 50]",1,451d41a53b0b,test_all,val_fpr02,0.9841308298001211,0.91701244813278,0.6656626506024096,0.7713787085514834,0.8977712022347383,0.9934676228579596,0.002524296352391771,322604000,193.62788621800246,283.0563682300028
FD001_fedavg_s22_n10_e19c6e9eafe2,fedavg,22,10,iid,none,ring,1,50,FD001,False,0.02,"[100, 50]",1,451d41a53b0b,test_terminal,fixed,0.946236559139785,0.9545454545454546,0.84,0.8936170212765957,0.9688966681627862,0.99,0.014705882352941176,322604000,193.62788621800246,283.0563682300028
FD001_fedavg_s22_n10_e19c6e9eafe2,fedavg,22,10,iid,none,ring,1,50,FD001,False,0.02,"[100, 50]",1,451d41a53b0b,test_terminal,val_f1,0.9247311827956989,0.95,0.76,0.8444444444444444,0.9688966681627862,0.99,0.014705882352941176,322604000,193.62788621800246,283.0563682300028
FD001_fedavg_s22_n10_e19c6e9eafe2,fedavg,22,10,iid,none,ring,1,50,FD001,False,0.02,"[100, 50]",1,451d41a53b0b,test_terminal,val_fpr02,0.9247311827956989,0.95,0.76,0.8444444444444444,0.9688966681627862,0.99,0.014705882352941176,322604000,193.62788621800246,283.0563682300028
FD001_fedavg_s22_n20_e0d0fa654df1,fedavg,22,20,iid,none,ring,1,50,FD001,True,0.02,"[100, 50]",1,15ec19a42f2d,test_all,fixed,0.9811023622047244,0.7857142857142857,0.7289156626506024,0.75625,0.8379672467829011,0.9888394927684993,0.008330177962892843,645208000,189.3084266650003,529.3591141879928
FD001_fedavg_s22_n20_e0d0fa654df1,fedavg,22,20,iid,none,ring,1,50,FD001,True,0.02,"[100, 50]",1,15ec19a42f2d,test_all,val_f1,0.9798909751665658,0.8577586206896551,0.5993975903614458,0.7056737588652482,0.8379672467829011,0.9888394927684993,0.0041650889814464215,645208000,189.3084266650003,529.3591141879928
FD001_fedavg_s22_n20_e0d0fa654df1,fedavg,22,20,iid,none,ring,1,50,FD001,True,0.02,"[100, 50]",1,15ec19a42f2d,test_all,val_fpr02,0.9791641429436705,0.9040404040404041,0.5391566265060241,0.6754716981132075,0.8379672467829011,0.9888394927684993,0.002398081534772182,645208000,189.3084266650003,529.3591141879928
FD001_fedavg_s22_n20_e0d0fa654df1,fedavg,22,20,iid,none,ring,1,50,FD001,True,0.02,"[100, 50]",1,15ec19a42f2d,test_terminal,fixed,0.9354838709677419,0.9523809523809523,0.8,0.8695652173913043,0.9475364507689856,0.9841176470588235,0.014705882352941176,645208000,189.3084266650003,529.3591141879928
FD001_fedavg_s22_n20_e0d0fa654df1,fedavg,22,20,iid,none,ring,1,50,FD001,True,0.02,"[100, 50]",1,15ec19a42f2d,test_terminal,val_f1,0.9032258064516129,0.9444444444444444,0.68,0.7906976744186046,0.9475364507689856,0.9841176470588235,0.014705882352941176,645208000,189.3084266650003,529.3591141879928
FD001_fedavg_s22_n20_e0d0fa654df1,fedavg,22,20,iid,none,ring,1,50,FD001,True,0.02,"[100, 50]",1,15ec19a42f2d,test_terminal,val_fpr02,0.8924731182795699,0.9411764705882353,0.64,0.7619047619047619,0.9475364507689856,0.9841176470588235,0.014705882352941176,645208000,189.3084266650003,529.3591141879928
FD001_fedavg_s22_n40_5c16f0779f80,fedavg,22,40,iid,none,ring,1,50,FD001,True,0.02,"[100, 50]",1,0d56a1322361,test_all,fixed,0.9773470623864324,0.7636363636363637,0.6325301204819277,0.6919275123558485,0.7635483264732126,0.9766377132916367,0.008203963145273255,1290416000,171.52030636699055,1039.7157401940035
FD001_fedavg_s22_n40_5c16f0779f80,fedavg,22,40,iid,none,ring,1,50,FD001,True,0.02,"[100, 50]",1,0d56a1322361,test_all,val_f1,0.976862507571169,0.8248847926267281,0.5391566265060241,0.6520947176684881,0.7635483264732126,0.9766377132916367,0.004796163069544364,1290416000,171.52030636699055,1039.7157401940035
FD001_fedavg_s22_n40_5c16f0779f80,fedavg,22,40,iid,none,ring,1,50,FD001,True,0.02,"[100, 50]",1,0d56a1322361,test_all,val_fpr02,0.9729860690490612,0.916030534351145,0.3614457831325301,0.5183585313174947,0.7635483264732126,0.9766377132916367,0.001388362993815474,1290416000,171.52030636699055,1039.7157401940035
FD001_fedavg_s22_n40_5c16f0779f80,fedavg,22,40,iid,none,ring,1,50,FD001,True,0.02,"[100, 50]",1,0d56a1322361,test_terminal,fixed,0.9139784946236559,0.9047619047619048,0.76,0.8260869565217391,0.8964042665281057,0.9611764705882353,0.029411764705882353,1290416000,171.52030636699055,1039.7157401940035
FD001_fedavg_s22_n40_5c16f0779f80,fedavg,22,40,iid,none,ring,1,50,FD001,True,0.02,"[100, 50]",1,0d56a1322361,test_terminal,val_f1,0.8924731182795699,0.9411764705882353,0.64,0.7619047619047619,0.8964042665281057,0.9611764705882353,0.014705882352941176,1290416000,171.52030636699055,1039.7157401940035
FD001_fedavg_s22_n40_5c16f0779f80,fedavg,22,40,iid,none,ring,1,50,FD001,True,0.02,"[100, 50]",1,0d56a1322361,test_terminal,val_fpr02,0.8494623655913979,0.9230769230769231,0.48,0.631578947368421,0.8964042665281057,0.9611764705882353,0.014705882352941176,1290416000,171.52030636699055,1039.7157401940035
FD001_fedavg_s22_n5_5e3c27e1174c,fedavg,22,5,iid,none,ring,1,50,FD001,True,0.02,"[100, 50]",1,ab89e2e3e236,test_all,fixed,0.9874015748031496,0.8518518518518519,0.8313253012048193,0.8414634146341463,0.9322008440242954,0.9964610429601785,0.00605831124574025,161302000,196.56618293599058,171.97023025800385
FD001_fedavg_s22_n5_5e3c27e1174c,fedavg,22,5,iid,none,ring,1,50,FD001,True,0.02,"[100, 50]",1,ab89e2e3e236,test_all,val_f1,0.9850999394306481,0.7786666666666666,0.8795180722891566,0.826025459688826,0.9322008440242954,0.9964610429601785,0.010475829862425848,161302000,196.56618293599058,171.97023025800385
FD001_fedavg_s22_n5_5e3c27e1174c,fedavg,22,5,iid,none,ring,1,50,FD001,True,0.02,"[100, 50]",1,ab89e2e3e236,test_all,val_fpr02,0.9849788007268322,0.7736842105263158,0.8855421686746988,0.8258426966292135,0.9322008440242954,0.9964610429601785,0.010854474315284614,161302000,196.56618293599058,171.97023025800385
FD001_fedavg_s22_n5_5e3c27e1174c,fedavg,22,5,iid,none,ring,1,50,FD001,True,0.02,"[100, 50]",1,ab89e2e3e236,test_terminal,fixed,0.978494623655914,0.96,0.96,0.96,0.986985544889893,0.9952941176470589,0.014705882352941176,161302000,196.56618293599058,171.97023025800385
FD001_fedavg_s22_n5_5e3c27e1174c,fedavg,22,5,iid,none,ring,1,50,FD001,True,0.02,"[100, 50]",1,ab89e2e3e236,test_terminal,val_f1,0.956989247311828,0.8888888888888888,0.96,0.9230769230769231,0.986985544889893,0.9952941176470589,0.04411764705882353,161302000,196.56618293599058,171.97023025800385
FD001_fedavg_s22_n5_5e3c27e1174c,fedavg,22,5,iid,none,ring,1,50,FD001,True,0.02,"[100, 50]",1,ab89e2e3e236,test_terminal,val_fpr02,0.956989247311828,0.8888888888888888,0.96,0.9230769230769231,0.986985544889893,0.9952941176470589,0.04411764705882353,161302000,196.56618293599058,171.97023025800385
FD001_fedavg_s33_n10_00a5e76c1a7d,fedavg,33,10,iid,node_failure,ring,1,50,FD001,True,0.02,"[100, 50]",1,77f2bb654cec,test_all,fixed,0.9864324651726226,0.8985507246376812,0.7469879518072289,0.8157894736842105,0.9223487028790103,0.9947651263896936,0.003534014893348479,306473800,184.1839409250024,268.4706348709853
FD001_fedavg_s33_n10_00a5e76c1a7d,fedavg,33,10,iid,node_failure,ring,1,50,FD001,True,0.02,"[100, 50]",1,77f2bb654cec,test_all,val_f1,0.9861901877649909,0.8385093167701864,0.8132530120481928,0.8256880733944955,0.9223487028790103,0.9947651263896936,0.0065631705162186044,306473800,184.1839409250024,268.4706348709853
FD001_fedavg_s33_n10_00a5e76c1a7d,fedavg,33,10,iid,node_failure,ring,1,50,FD001,True,0.02,"[100, 50]",1,77f2bb654cec,test_all,val_fpr02,0.9857056329497275,0.8092485549132948,0.8433734939759037,0.8259587020648967,0.9223487028790103,0.9947651263896936,0.008330177962892843,306473800,184.1839409250024,268.4706348709853
FD001_fedavg_s33_n10_00a5e76c1a7d,fedavg,33,10,iid,node_failure,ring,1,50,FD001,True,0.02,"[100, 50]",1,77f2bb654cec,test_terminal,fixed,0.967741935483871,1.0,0.88,0.9361702127659575,0.9939601139601142,0.9976470588235294,0.0,306473800,184.1839409250024,268.4706348709853
FD001_fedavg_s33_n10_00a5e76c1a7d,fedavg,33,10,iid,node_failure,ring,1,50,FD001,True,0.02,"[100, 50]",1,77f2bb654cec,test_terminal,val_f1,0.956989247311828,0.92,0.92,0.92,0.9939601139601142,0.9976470588235294,0.029411764705882353,306473800,184.1839409250024,268.4706348709853
FD001_fedavg_s33_n10_00a5e76c1a7d,fedavg,33,10,iid,node_failure,ring,1,50,FD001,True,0.02,"[100, 50]",1,77f2bb654cec,test_terminal,val_fpr02,0.956989247311828,0.92,0.92,0.92,0.9939601139601142,0.9976470588235294,0.029411764705882353,306473800,184.1839409250024,268.4706348709853
FD001_fedavg_s33_n10_076f8ed674b1,fedavg,33,10,lifetime,none,ring,1,50,FD001,True,0.02,"[100, 50]",1,c3abb1342efd,test_all,fixed,0.9803755299818292,0.9047619047619048,0.572289156626506,0.7011070110701108,0.8578725028529129,0.9886193771678916,0.002524296352391771,322604000,198.32870141999592,293.57799977800033
FD001_fedavg_s33_n10_076f8ed674b1,fedavg,33,10,lifetime,none,ring,1,50,FD001,True,0.02,"[100, 50]",1,c3abb1342efd,test_all,val_f1,0.9800121138703816,0.7262872628726287,0.8072289156626506,0.7646219686162625,0.8578725028529129,0.9886193771678916,0.012747696579578442,322604000,198.32870141999592,293.57799977800033
FD001_fedavg_s33_n10_076f8ed674b1,fedavg,33,10,lifetime,none,ring,1,50,FD001,True,0.02,"[100, 50]",1,c3abb1342efd,test_all,val_fpr02,0.9815869170199879,0.7777777777777778,0.7590361445783133,0.7682926829268293,0.8578725028529129,0.9886193771678916,0.009087466868610375,322604000,198.32870141999592,293.57799977800033
FD001_fedavg_s33_n10_076f8ed674b1,fedavg,33,10,lifetime,none,ring,1,50,FD001,True,0.02,"[100, 50]",1,c3abb1342efd,test_terminal,fixed,0.9032258064516129,0.9444444444444444,0.68,0.7906976744186046,0.9585152853696028,0.9847058823529411,0.014705882352941176,322604000,198.32870141999592,293.57799977800033
FD001_fedavg_s33_n10_076f8ed674b1,fedavg,33,10,lifetime,none,ring,1,50,FD001,True,0.02,"[100, 50]",1,c3abb1342efd,test_terminal,val_f1,0.9354838709677419,0.9130434782608695,0.84,0.875,0.9585152853696028,0.9847058823529411,0.029411764705882353,322604000,198.32870141999592,293.57799977800033
FD001_fedavg_s33_n10_076f8ed674b1,fedavg,33,10,lifetime,none,ring,1,50,FD001,True,0.02,"[100, 50]",1,c3abb1342efd,test_terminal,val_fpr02,0.9354838709677419,0.9523809523809523,0.8,0.8695652173913043,0.9585152853696028,0.9847058823529411,0.014705882352941176,322604000,198.32870141999592,293.57799977800033
FD001_fedavg_s33_n10_21b6f13fdcde,fedavg,33,10,iid,packet_loss,ring,1,50,FD001,True,0.02,"[100, 50]",1,d3f904be6308,test_all,fixed,0.9860690490611751,0.9003690036900369,0.7349397590361446,0.8092868988391376,0.9152357922299448,0.994137093622502,0.0034078000757288905,322604000,192.3754172680092,281.51970242900575
FD001_fedavg_s33_n10_21b6f13fdcde,fedavg,33,10,iid,packet_loss,ring,1,50,FD001,True,0.02,"[100, 50]",1,d3f904be6308,test_all,val_f1,0.9849788007268322,0.8151515151515152,0.8102409638554217,0.8126888217522659,0.9152357922299448,0.994137093622502,0.007699103874794901,322604000,192.3754172680092,281.51970242900575
FD001_fedavg_s33_n10_21b6f13fdcde,fedavg,33,10,iid,packet_loss,ring,1,50,FD001,True,0.02,"[100, 50]",1,d3f904be6308,test_all,val_fpr02,0.9835251362810418,0.7737430167597765,0.8343373493975904,0.8028985507246377,0.9152357922299448,0.994137093622502,0.010223400227186671,322604000,192.3754172680092,281.51970242900575
FD001_fedavg_s33_n10_21b6f13fdcde,fedavg,33,10,iid,packet_loss,ring,1,50,FD001,True,0.02,"[100, 50]",1,d3f904be6308,test_terminal,fixed,0.9354838709677419,0.9523809523809523,0.8,0.8695652173913043,0.9876587797010588,0.9952941176470588,0.014705882352941176,322604000,192.3754172680092,281.51970242900575
FD001_fedavg_s33_n10_21b6f13fdcde,fedavg,33,10,iid,packet_loss,ring,1,50,FD001,True,0.02,"[100, 50]",1,d3f904be6308,test_terminal,val_f1,0.967741935483871,0.9583333333333334,0.92,0.9387755102040817,0.9876587797010588,0.9952941176470588,0.014705882352941176,322604000,192.3754172680092,281.51970242900575
FD001_fedavg_s33_n10_21b6f13fdcde,fedavg,33,10,iid,packet_loss,ring,1,50,FD001,True,0.02,"[100, 50]",1,d3f904be6308,test_terminal,val_fpr02,0.967741935483871,0.9583333333333334,0.92,0.9387755102040817,0.9876587797010588,0.9952941176470588,0.014705882352941176,322604000,192.3754172680092,281.51970242900575
FD001_fedavg_s33_n10_2d3c5c15ec57,fedavg,33,10,iid,none,ring,1,50,FD001,False,0.02,"[100, 50]",1,451d41a53b0b,test_all,fixed,0.9857056329497275,0.8876811594202898,0.7379518072289156,0.805921052631579,0.909688918639635,0.9943017051165661,0.003912659346207245,322604000,203.18034433698267,283.5069558979842
FD001_fedavg_s33_n10_2d3c5c15ec57,fedavg,33,10,iid,none,ring,1,50,FD001,False,0.02,"[100, 50]",1,451d41a53b0b,test_all,val_f1,0.9854633555420957,0.8464052287581699,0.7801204819277109,0.8119122257053292,0.909688918639635,0.9943017051165661,0.005932096428120662,322604000,203.18034433698267,283.5069558979842
FD001_fedavg_s33_n10_2d3c5c15ec57,fedavg,33,10,iid,none,ring,1,50,FD001,False,0.02,"[100, 50]",1,451d41a53b0b,test_all,val_fpr02,0.9844942459115688,0.7947976878612717,0.8283132530120482,0.8112094395280236,0.909688918639635,0.9943017051165661,0.008961252050990786,322604000,203.18034433698267,283.5069558979842
FD001_fedavg_s33_n10_2d3c5c15ec57,fedavg,33,10,iid,none,ring,1,50,FD001,False,0.02,"[100, 50]",1,451d41a53b0b,test_terminal,fixed,0.946236559139785,0.9545454545454546,0.84,0.8936170212765957,0.9868313731357212,0.9952941176470588,0.014705882352941176,322604000,203.18034433698267,283.5069558979842
FD001_fedavg_s33_n10_2d3c5c15ec57,fedavg,33,10,iid,none,ring,1,50,FD001,False,0.02,"[100, 50]",1,451d41a53b0b,test_terminal,val_f1,0.956989247311828,0.9565217391304348,0.88,0.9166666666666666,0.9868313731357212,0.9952941176470588,0.014705882352941176,322604000,203.18034433698267,283.5069558979842
FD001_fedavg_s33_n10_2d3c5c15ec57,fedavg,33,10,iid,none,ring,1,50,FD001,False,0.02,"[100, 50]",1,451d41a53b0b,test_terminal,val_fpr02,0.967741935483871,0.9230769230769231,0.96,0.9411764705882353,0.9868313731357212,0.9952941176470588,0.029411764705882353,322604000,203.18034433698267,283.5069558979842
FD001_fedavg_s33_n10_3281dcfe8f8b,fedavg,33,10,iid,server_outage,ring,1,50,FD001,True,0.02,"[100, 50]",1,ace76c4c163e,test_all,fixed,0.9863113264688068,0.8788927335640139,0.7650602409638554,0.8180354267310789,0.9183521256095825,0.9945024322963949,0.004417518616685599,225822800,198.9049725610057,204.33571536100374
FD001_fedavg_s33_n10_3281dcfe8f8b,fedavg,33,10,iid,server_outage,ring,1,50,FD001,True,0.02,"[100, 50]",1,ace76c4c163e,test_all,val_f1,0.9858267716535433,0.824773413897281,0.822289156626506,0.8235294117647058,0.9183521256095825,0.9945024322963949,0.007320459421936135,225822800,198.9049725610057,204.33571536100374
FD001_fedavg_s33_n10_3281dcfe8f8b,fedavg,33,10,iid,server_outage,ring,1,50,FD001,True,0.02,"[100, 50]",1,ace76c4c163e,test_all,val_fpr02,0.9849788007268322,0.7971428571428572,0.8403614457831325,0.8181818181818182,0.9183521256095825,0.9945024322963949,0.008961252050990786,225822800,198.9049725610057,204.33571536100374
FD001_fedavg_s33_n10_3281dcfe8f8b,fedavg,33,10,iid,server_outage,ring,1,50,FD001,True,0.02,"[100, 50]",1,ace76c4c163e,test_terminal,fixed,0.967741935483871,0.9583333333333334,0.92,0.9387755102040817,0.9922934472934475,0.9970588235294118,0.014705882352941176,225822800,198.9049725610057,204.33571536100374
FD001_fedavg_s33_n10_3281dcfe8f8b,fedavg,33,10,iid,server_outage,ring,1,50,FD001,True,0.02,"[100, 50]",1,ace76c4c163e,test_terminal,val_f1,0.967741935483871,0.9583333333333334,0.92,0.9387755102040817,0.9922934472934475,0.9970588235294118,0.014705882352941176,225822800,198.9049725610057,204.33571536100374
FD001_fedavg_s33_n10_3281dcfe8f8b,fedavg,33,10,iid,server_outage,ring,1,50,FD001,True,0.02,"[100, 50]",1,ace76c4c163e,test_terminal,val_fpr02,0.956989247311828,0.92,0.92,0.92,0.9922934472934475,0.9970588235294118,0.029411764705882353,225822800,198.9049725610057,204.33571536100374
FD001_fedavg_s33_n10_c9c68450730e,fedavg,33,10,iid,none,ring,1,50,FD001,True,0.02,"[100, 50]",1,22b20344bb16,test_all,fixed,0.9853422168382798,0.872791519434629,0.7439759036144579,0.8032520325203252,0.9077017894158825,0.9933250609404676,0.004543733434305188,322604000,197.17286104900404,281.74213962999625
FD001_fedavg_s33_n10_c9c68450730e,fedavg,33,10,iid,none,ring,1,50,FD001,True,0.02,"[100, 50]",1,22b20344bb16,test_all,val_f1,0.9853422168382798,0.8307210031347962,0.7981927710843374,0.8141321044546851,0.9077017894158825,0.9933250609404676,0.006815600151457781,322604000,197.17286104900404,281.74213962999625
FD001_fedavg_s33_n10_c9c68450730e,fedavg,33,10,iid,none,ring,1,50,FD001,True,0.02,"[100, 50]",1,22b20344bb16,test_all,val_fpr02,0.9852210781344639,0.8143712574850299,0.8192771084337349,0.8168168168168168,0.9077017894158825,0.9933250609404676,0.00782531869241449,322604000,197.17286104900404,281.74213962999625
FD001_fedavg_s33_n10_c9c68450730e,fedavg,33,10,iid,none,ring,1,50,FD001,True,0.02,"[100, 50]",1,22b20344bb16,test_terminal,fixed,0.946236559139785,0.9545454545454546,0.84,0.8936170212765957,0.9890209835253315,0.9958823529411764,0.014705882352941176,322604000,197.17286104900404,281.74213962999625
FD001_fedavg_s33_n10_c9c68450730e,fedavg,33,10,iid,none,ring,1,50,FD001,True,0.02,"[100, 50]",1,22b20344bb16,test_terminal,val_f1,0.956989247311828,0.9565217391304348,0.88,0.9166666666666666,0.9890209835253315,0.9958823529411764,0.014705882352941176,322604000,197.17286104900404,281.74213962999625
FD001_fedavg_s33_n10_c9c68450730e,fedavg,33,10,iid,none,ring,1,50,FD001,True,0.02,"[100, 50]",1,22b20344bb16,test_terminal,val_fpr02,0.956989247311828,0.9565217391304348,0.88,0.9166666666666666,0.9890209835253315,0.9958823529411764,0.014705882352941176,322604000,197.17286104900404,281.74213962999625
FD001_fedavg_s33_n20_17d9be423971,fedavg,33,20,iid,none,ring,1,50,FD001,True,0.02,"[100, 50]",1,15ec19a42f2d,test_all,fixed,0.9849788007268322,0.8586206896551725,0.75,0.8006430868167203,0.8981677476494037,0.9925442017977246,0.00517480752240313,645208000,189.8801790899961,529.4475660259899
FD001_fedavg_s33_n20_17d9be423971,fedavg,33,20,iid,none,ring,1,50,FD001,True,0.02,"[100, 50]",1,15ec19a42f2d,test_all,val_f1,0.9853422168382798,0.8206686930091185,0.8132530120481928,0.8169440242057489,0.8981677476494037,0.9925442017977246,0.007446674239555724,645208000,189.8801790899961,529.4475660259899
FD001_fedavg_s33_n20_17d9be423971,fedavg,33,20,iid,none,ring,1,50,FD001,True,0.02,"[100, 50]",1,15ec19a42f2d,test_all,val_fpr02,0.9847365233192005,0.8011695906432749,0.8253012048192772,0.8130563798219584,0.8981677476494037,0.9925442017977246,0.00858260759813202,645208000,189.8801790899961,529.4475660259899
FD001_fedavg_s33_n20_17d9be423971,fedavg,33,20,iid,none,ring,1,50,FD001,True,0.02,"[100, 50]",1,15ec19a42f2d,test_terminal,fixed,0.956989247311828,0.9565217391304348,0.88,0.9166666666666666,0.9890209835253315,0.9958823529411764,0.014705882352941176,645208000,189.8801790899961,529.4475660259899
FD001_fedavg_s33_n20_17d9be423971,fedavg,33,20,iid,none,ring,1,50,FD001,True,0.02,"[100, 50]",1,15ec19a42f2d,test_terminal,val_f1,0.956989247311828,0.92,0.92,0.92,0.9890209835253315,0.9958823529411764,0.029411764705882353,645208000,189.8801790899961,529.4475660259899
FD001_fedavg_s33_n20_17d9be423971,fedavg,33,20,iid,none,ring,1,50,FD001,True,0.02,"[100, 50]",1,15ec19a42f2d,test_terminal,val_fpr02,0.956989247311828,0.92,0.92,0.92,0.9890209835253315,0.9958823529411764,0.029411764705882353,645208000,189.8801790899961,529.4475660259899
FD001_fedavg_s33_n40_824c490186a6,fedavg,33,40,iid,none,ring,1,50,FD001,True,0.02,"[100, 50]",1,0d56a1322361,test_all,fixed,0.9788007268322229,0.9815950920245399,0.4819277108433735,0.6464646464646465,0.854830494853116,0.9860266510951037,0.0003786444528587656,1290416000,192.20104982499834,1040.595032436005
FD001_fedavg_s33_n40_824c490186a6,fedavg,33,40,iid,none,ring,1,50,FD001,True,0.02,"[100, 50]",1,0d56a1322361,test_all,val_f1,0.9777104784978801,0.6989247311827957,0.7831325301204819,0.7386363636363636,0.854830494853116,0.9860266510951037,0.014136059573393917,1290416000,192.20104982499834,1040.595032436005
FD001_fedavg_s33_n40_824c490186a6,fedavg,33,40,iid,none,ring,1,50,FD001,True,0.02,"[100, 50]",1,0d56a1322361,test_all,val_fpr02,0.9811023622047244,0.775,0.7469879518072289,0.7607361963190185,0.854830494853116,0.9860266510951037,0.009087466868610375,1290416000,192.20104982499834,1040.595032436005
FD001_fedavg_s33_n40_824c490186a6,fedavg,33,40,iid,none,ring,1,50,FD001,True,0.02,"[100, 50]",1,0d56a1322361,test_terminal,fixed,0.8817204301075269,0.9375,0.6,0.7317073170731707,0.95523389072449,0.9841176470588235,0.014705882352941176,1290416000,192.20104982499834,1040.595032436005
FD001_fedavg_s33_n40_824c490186a6,fedavg,33,40,iid,none,ring,1,50,FD001,True,0.02,"[100, 50]",1,0d56a1322361,test_terminal,val_f1,0.9354838709677419,0.9130434782608695,0.84,0.875,0.95523389072449,0.9841176470588235,0.029411764705882353,1290416000,192.20104982499834,1040.595032436005
FD001_fedavg_s33_n40_824c490186a6,fedavg,33,40,iid,none,ring,1,50,FD001,True,0.02,"[100, 50]",1,0d56a1322361,test_terminal,val_fpr02,0.9354838709677419,0.9523809523809523,0.8,0.8695652173913043,0.95523389072449,0.9841176470588235,0.014705882352941176,1290416000,192.20104982499834,1040.595032436005
FD001_fedavg_s33_n5_8e2a8f584c43,fedavg,33,5,iid,none,ring,1,50,FD001,True,0.02,"[100, 50]",1,ab89e2e3e236,test_all,fixed,0.9877649909145972,0.9676113360323887,0.7198795180722891,0.8255613126079447,0.9505229078698685,0.997412216073685,0.0010097185409567084,161302000,191.75313676298902,175.22366121399259
FD001_fedavg_s33_n5_8e2a8f584c43,fedavg,33,5,iid,none,ring,1,50,FD001,True,0.02,"[100, 50]",1,ab89e2e3e236,test_all,val_f1,0.9884918231374924,0.8761904761904762,0.8313253012048193,0.8531684698608965,0.9505229078698685,0.997412216073685,0.004922377887163953,161302000,191.75313676298902,175.22366121399259
FD001_fedavg_s33_n5_8e2a8f584c43,fedavg,33,5,iid,none,ring,1,50,FD001,True,0.02,"[100, 50]",1,ab89e2e3e236,test_all,val_fpr02,0.9874015748031496,0.8202247191011236,0.8795180722891566,0.8488372093023255,0.9505229078698685,0.997412216073685,0.008077748327653667,161302000,191.75313676298902,175.22366121399259
FD001_fedavg_s33_n5_8e2a8f584c43,fedavg,33,5,iid,none,ring,1,50,FD001,True,0.02,"[100, 50]",1,ab89e2e3e236,test_terminal,fixed,0.967741935483871,1.0,0.88,0.9361702127659575,0.9970370370370372,0.9988235294117647,0.0,161302000,191.75313676298902,175.22366121399259
FD001_fedavg_s33_n5_8e2a8f584c43,fedavg,33,5,iid,none,ring,1,50,FD001,True,0.02,"[100, 50]",1,ab89e2e3e236,test_terminal,val_f1,0.989247311827957,1.0,0.96,0.9795918367346939,0.9970370370370372,0.9988235294117647,0.0,161302000,191.75313676298902,175.22366121399259
FD001_fedavg_s33_n5_8e2a8f584c43,fedavg,33,5,iid,none,ring,1,50,FD001,True,0.02,"[100, 50]",1,ab89e2e3e236,test_terminal,val_fpr02,0.967741935483871,0.9230769230769231,0.96,0.9411764705882353,0.9970370370370372,0.9988235294117647,0.029411764705882353,161302000,191.75313676298902,175.22366121399259
FD001_fedavg_s44_n10_c3fdd45dfc2c,fedavg,44,10,iid,none,ring,1,50,FD001,True,0.02,"[100, 50]",1,22b20344bb16,test_all,fixed,0.982434887946699,0.7633802816901408,0.8162650602409639,0.7889374090247453,0.8902641047994135,0.9931019040189535,0.010602044680045438,322604000,171.4451433739996,278.67214128399996
FD001_fedavg_s44_n10_c3fdd45dfc2c,fedavg,44,10,iid,none,ring,1,50,FD001,True,0.02,"[100, 50]",1,22b20344bb16,test_all,val_f1,0.9837674136886735,0.8694029850746269,0.7018072289156626,0.7766666666666666,0.8902641047994135,0.9931019040189535,0.004417518616685599,322604000,171.4451433739996,278.67214128399996
FD001_fedavg_s44_n10_c3fdd45dfc2c,fedavg,44,10,iid,none,ring,1,50,FD001,True,0.02,"[100, 50]",1,22b20344bb16,test_all,val_fpr02,0.9835251362810418,0.8712121212121212,0.6927710843373494,0.7718120805369127,0.8902641047994135,0.9931019040189535,0.00429130379906601,322604000,171.4451433739996,278.67214128399996
FD001_fedavg_s44_n10_c3fdd45dfc2c,fedavg,44,10,iid,none,ring,1,50,FD001,True,0.02,"[100, 50]",1,22b20344bb16,test_terminal,fixed,0.946236559139785,0.9166666666666666,0.88,0.8979591836734694,0.9822351395730708,0.9929411764705882,0.029411764705882353,322604000,171.4451433739996,278.67214128399996
FD001_fedavg_s44_n10_c3fdd45dfc2c,fedavg,44,10,iid,none,ring,1,50,FD001,True,0.02,"[100, 50]",1,22b20344bb16,test_terminal,val_f1,0.956989247311828,1.0,0.84,0.9130434782608695,0.9822351395730708,0.9929411764705882,0.0,322604000,171.4451433739996,278.67214128399996
FD001_fedavg_s44_n10_c3fdd45dfc2c,fedavg,44,10,iid,none,ring,1,50,FD001,True,0.02,"[100, 50]",1,22b20344bb16,test_terminal,val_fpr02,0.956989247311828,1.0,0.84,0.9130434782608695,0.9822351395730708,0.9929411764705882,0.0,322604000,171.4451433739996,278.67214128399996
FD001_fedavg_s55_n10_373c359186a9,fedavg,55,10,iid,none,ring,1,50,FD001,True,0.02,"[100, 50]",1,22b20344bb16,test_all,fixed,0.9854633555420957,0.9818181818181818,0.6506024096385542,0.782608695652174,0.9204432080326501,0.9952087790769286,0.0005048592704783542,322604000,195.33014239999738,283.44774270699895
FD001_fedavg_s55_n10_373c359186a9,fedavg,55,10,iid,none,ring,1,50,FD001,True,0.02,"[100, 50]",1,22b20344bb16,test_all,val_f1,0.9852210781344639,0.8143712574850299,0.8192771084337349,0.8168168168168168,0.9204432080326501,0.9952087790769286,0.00782531869241449,322604000,195.33014239999738,283.44774270699895
FD001_fedavg_s55_n10_373c359186a9,fedavg,55,10,iid,none,ring,1,50,FD001,True,0.02,"[100, 50]",1,22b20344bb16,test_all,val_fpr02,0.9853422168382798,0.8130563798219584,0.8253012048192772,0.8191330343796711,0.9204432080326501,0.9952087790769286,0.007951533510034078,322604000,195.33014239999738,283.44774270699895
FD001_fedavg_s55_n10_373c359186a9,fedavg,55,10,iid,none,ring,1,50,FD001,True,0.02,"[100, 50]",1,22b20344bb16,test_terminal,fixed,0.946236559139785,1.0,0.8,0.8888888888888888,0.9897391688771001,0.9958823529411764,0.0,322604000,195.33014239999738,283.44774270699895
FD001_fedavg_s55_n10_373c359186a9,fedavg,55,10,iid,none,ring,1,50,FD001,True,0.02,"[100, 50]",1,22b20344bb16,test_terminal,val_f1,0.956989247311828,0.92,0.92,0.92,0.9897391688771001,0.9958823529411764,0.029411764705882353,322604000,195.33014239999738,283.44774270699895
FD001_fedavg_s55_n10_373c359186a9,fedavg,55,10,iid,none,ring,1,50,FD001,True,0.02,"[100, 50]",1,22b20344bb16,test_terminal,val_fpr02,0.956989247311828,0.92,0.92,0.92,0.9897391688771001,0.9958823529411764,0.029411764705882353,322604000,195.33014239999738,283.44774270699895
FD001_fedavg_weighted_s11_n10_842f116a160b,fedavg_weighted,11,10,iid,none,ring,1,50,FD001,True,0.02,"[100, 50]",1,22b20344bb16,test_all,fixed,0.9818291944276196,0.7106481481481481,0.9246987951807228,0.8036649214659686,0.9238664039396983,0.9952057377560222,0.015776852202448566,322604000,198.5396357099994,283.5516107390008
FD001_fedavg_weighted_s11_n10_842f116a160b,fedavg_weighted,11,10,iid,none,ring,1,50,FD001,True,0.02,"[100, 50]",1,22b20344bb16,test_all,val_f1,0.9874015748031496,0.88,0.7951807228915663,0.8354430379746836,0.9238664039396983,0.9952057377560222,0.004543733434305188,322604000,198.5396357099994,283.5516107390008
FD001_fedavg_weighted_s11_n10_842f116a160b,fedavg_weighted,11,10,iid,none,ring,1,50,FD001,True,0.02,"[100, 50]",1,22b20344bb16,test_all,val_fpr02,0.9860690490611751,0.8181818181818182,0.8403614457831325,0.8291233283803864,0.9238664039396983,0.9952057377560222,0.00782531869241449,322604000,198.5396357099994,283.5516107390008
FD001_fedavg_weighted_s11_n10_842f116a160b,fedavg_weighted,11,10,iid,none,ring,1,50,FD001,True,0.02,"[100, 50]",1,22b20344bb16,test_terminal,fixed,0.967741935483871,0.9230769230769231,0.96,0.9411764705882353,0.9922934472934475,0.9970588235294118,0.029411764705882353,322604000,198.5396357099994,283.5516107390008
FD001_fedavg_weighted_s11_n10_842f116a160b,fedavg_weighted,11,10,iid,none,ring,1,50,FD001,True,0.02,"[100, 50]",1,22b20344bb16,test_terminal,val_f1,0.967741935483871,0.9583333333333334,0.92,0.9387755102040817,0.9922934472934475,0.9970588235294118,0.014705882352941176,322604000,198.5396357099994,283.5516107390008
FD001_fedavg_weighted_s11_n10_842f116a160b,fedavg_weighted,11,10,iid,none,ring,1,50,FD001,True,0.02,"[100, 50]",1,22b20344bb16,test_terminal,val_fpr02,0.956989247311828,0.92,0.92,0.92,0.9922934472934475,0.9970588235294118,0.029411764705882353,322604000,198.5396357099994,283.5516107390008
FD001_fedavg_weighted_s22_n10_9d978ef2eabe,fedavg_weighted,22,10,iid,none,ring,1,50,FD001,True,0.02,"[100, 50]",1,22b20344bb16,test_all,fixed,0.9820714718352513,0.7169811320754716,0.9156626506024096,0.8042328042328042,0.9214021888691976,0.995376051726786,0.015145778114350625,322604000,192.11506301400277,282.54484824199903
FD001_fedavg_weighted_s22_n10_9d978ef2eabe,fedavg_weighted,22,10,iid,none,ring,1,50,FD001,True,0.02,"[100, 50]",1,22b20344bb16,test_all,val_f1,0.987038158691702,0.8712871287128713,0.7951807228915663,0.831496062992126,0.9214021888691976,0.995376051726786,0.004922377887163953,322604000,192.11506301400277,282.54484824199903
FD001_fedavg_weighted_s22_n10_9d978ef2eabe,fedavg_weighted,22,10,iid,none,ring,1,50,FD001,True,0.02,"[100, 50]",1,22b20344bb16,test_all,val_fpr02,0.987038158691702,0.8712871287128713,0.7951807228915663,0.831496062992126,0.9214021888691976,0.995376051726786,0.004922377887163953,322604000,192.11506301400277,282.54484824199903
FD001_fedavg_weighted_s22_n10_9d978ef2eabe,fedavg_weighted,22,10,iid,none,ring,1,50,FD001,True,0.02,"[100, 50]",1,22b20344bb16,test_terminal,fixed,0.978494623655914,0.9259259259259259,1.0,0.9615384615384616,0.9848313731357212,0.9947058823529412,0.029411764705882353,322604000,192.11506301400277,282.54484824199903
FD001_fedavg_weighted_s22_n10_9d978ef2eabe,fedavg_weighted,22,10,iid,none,ring,1,50,FD001,True,0.02,"[100, 50]",1,22b20344bb16,test_terminal,val_f1,0.967741935483871,0.9583333333333334,0.92,0.9387755102040817,0.9848313731357212,0.9947058823529412,0.014705882352941176,322604000,192.11506301400277,282.54484824199903
FD001_fedavg_weighted_s22_n10_9d978ef2eabe,fedavg_weighted,22,10,iid,none,ring,1,50,FD001,True,0.02,"[100, 50]",1,22b20344bb16,test_terminal,val_fpr02,0.967741935483871,0.9583333333333334,0.92,0.9387755102040817,0.9848313731357212,0.9947058823529412,0.014705882352941176,322604000,192.11506301400277,282.54484824199903
FD001_fedavg_weighted_s33_n10_adf8bd7b01a9,fedavg_weighted,33,10,iid,none,ring,1,50,FD001,True,0.02,"[100, 50]",1,22b20344bb16,test_all,fixed,0.983403997577226,0.7455919395465995,0.891566265060241,0.8120713305898491,0.9132358801925222,0.9941914572337057,0.012747696579578442,322604000,193.94916134100367,282.0001652159974
FD001_fedavg_weighted_s33_n10_adf8bd7b01a9,fedavg_weighted,33,10,iid,none,ring,1,50,FD001,True,0.02,"[100, 50]",1,22b20344bb16,test_all,val_f1,0.9849788007268322,0.8023255813953488,0.8313253012048193,0.8165680473372781,0.9132358801925222,0.9941914572337057,0.00858260759813202,322604000,193.94916134100367,282.0001652159974
FD001_fedavg_weighted_s33_n10_adf8bd7b01a9,fedavg_weighted,33,10,iid,none,ring,1,50,FD001,True,0.02,"[100, 50]",1,22b20344bb16,test_all,val_fpr02,0.9841308298001211,0.7768595041322314,0.8493975903614458,0.8115107913669065,0.9132358801925222,0.9941914572337057,0.010223400227186671,322604000,193.94916134100367,282.0001652159974
FD001_fedavg_weighted_s33_n10_adf8bd7b01a9,fedavg_weighted,33,10,iid,none,ring,1,50,FD001,True,0.02,"[100, 50]",1,22b20344bb16,test_terminal,fixed,0.978494623655914,0.9259259259259259,1.0,0.9615384615384616,0.9939601139601142,0.9976470588235294,0.029411764705882353,322604000,193.94916134100367,282.0001652159974
FD001_fedavg_weighted_s33_n10_adf8bd7b01a9,fedavg_weighted,33,10,iid,none,ring,1,50,FD001,True,0.02,"[100, 50]",1,22b20344bb16,test_terminal,val_f1,0.956989247311828,0.92,0.92,0.92,0.9939601139601142,0.9976470588235294,0.029411764705882353,322604000,193.94916134100367,282.0001652159974
FD001_fedavg_weighted_s33_n10_adf8bd7b01a9,fedavg_weighted,33,10,iid,none,ring,1,50,FD001,True,0.02,"[100, 50]",1,22b20344bb16,test_terminal,val_fpr02,0.967741935483871,0.9230769230769231,0.96,0.9411764705882353,0.9939601139601142,0.9976470588235294,0.029411764705882353,322604000,193.94916134100367,282.0001652159974
FD001_fedavg_weighted_s44_n10_ff7822c5b0e5,fedavg_weighted,44,10,iid,none,ring,1,50,FD001,True,0.02,"[100, 50]",1,22b20344bb16,test_all,fixed,0.9794064203513022,0.6816143497757847,0.9156626506024096,0.781491002570694,0.8813411207588803,0.9936394574891767,0.01792250410198157,322604000,172.17481308800052,279.0154995580017
FD001_fedavg_weighted_s44_n10_ff7822c5b0e5,fedavg_weighted,44,10,iid,none,ring,1,50,FD001,True,0.02,"[100, 50]",1,22b20344bb16,test_all,val_f1,0.9847365233192005,0.8238993710691824,0.7891566265060241,0.8061538461538461,0.8813411207588803,0.9936394574891767,0.007068029786696958,322604000,172.17481308800052,279.0154995580017
FD001_fedavg_weighted_s44_n10_ff7822c5b0e5,fedavg_weighted,44,10,iid,none,ring,1,50,FD001,True,0.02,"[100, 50]",1,22b20344bb16,test_all,val_fpr02,0.9815869170199879,0.8629032258064516,0.6445783132530121,0.7379310344827587,0.8813411207588803,0.9936394574891767,0.00429130379906601,322604000,172.17481308800052,279.0154995580017
FD001_fedavg_weighted_s44_n10_ff7822c5b0e5,fedavg_weighted,44,10,iid,none,ring,1,50,FD001,True,0.02,"[100, 50]",1,22b20344bb16,test_terminal,fixed,0.956989247311828,0.8888888888888888,0.96,0.9230769230769231,0.994114285714286,0.9976470588235294,0.04411764705882353,322604000,172.17481308800052,279.0154995580017
FD001_fedavg_weighted_s44_n10_ff7822c5b0e5,fedavg_weighted,44,10,iid,none,ring,1,50,FD001,True,0.02,"[100, 50]",1,22b20344bb16,test_terminal,val_f1,0.967741935483871,0.9583333333333334,0.92,0.9387755102040817,0.994114285714286,0.9976470588235294,0.014705882352941176,322604000,172.17481308800052,279.0154995580017
FD001_fedavg_weighted_s44_n10_ff7822c5b0e5,fedavg_weighted,44,10,iid,none,ring,1,50,FD001,True,0.02,"[100, 50]",1,22b20344bb16,test_terminal,val_fpr02,0.9354838709677419,1.0,0.76,0.8636363636363636,0.994114285714286,0.9976470588235294,0.0,322604000,172.17481308800052,279.0154995580017
FD001_fedavg_weighted_s55_n10_e975a6f34fd6,fedavg_weighted,55,10,iid,none,ring,1,50,FD001,True,0.02,"[100, 50]",1,22b20344bb16,test_all,fixed,0.9829194427619624,0.7546666666666667,0.8524096385542169,0.8005657708628006,0.916134674290789,0.995095870038275,0.011611763221002146,322604000,196.61005508200105,283.4101008249993
FD001_fedavg_weighted_s55_n10_e975a6f34fd6,fedavg_weighted,55,10,iid,none,ring,1,50,FD001,True,0.02,"[100, 50]",1,22b20344bb16,test_all,val_f1,0.9854633555420957,0.823170731707317,0.8132530120481928,0.8181818181818182,0.916134674290789,0.995095870038275,0.007320459421936135,322604000,196.61005508200105,283.4101008249993
FD001_fedavg_weighted_s55_n10_e975a6f34fd6,fedavg_weighted,55,10,iid,none,ring,1,50,FD001,True,0.02,"[100, 50]",1,22b20344bb16,test_all,val_fpr02,0.9849788007268322,0.8095238095238095,0.8192771084337349,0.8143712574850299,0.916134674290789,0.995095870038275,0.008077748327653667,322604000,196.61005508200105,283.4101008249993
FD001_fedavg_weighted_s55_n10_e975a6f34fd6,fedavg_weighted,55,10,iid,none,ring,1,50,FD001,True,0.02,"[100, 50]",1,22b20344bb16,test_terminal,fixed,0.978494623655914,0.96,0.96,0.96,0.9888903067946548,0.9958823529411766,0.014705882352941176,322604000,196.61005508200105,283.4101008249993
FD001_fedavg_weighted_s55_n10_e975a6f34fd6,fedavg_weighted,55,10,iid,none,ring,1,50,FD001,True,0.02,"[100, 50]",1,22b20344bb16,test_terminal,val_f1,0.967741935483871,0.9583333333333334,0.92,0.9387755102040817,0.9888903067946548,0.9958823529411766,0.014705882352941176,322604000,196.61005508200105,283.4101008249993
FD001_fedavg_weighted_s55_n10_e975a6f34fd6,fedavg_weighted,55,10,iid,none,ring,1,50,FD001,True,0.02,"[100, 50]",1,22b20344bb16,test_terminal,val_fpr02,0.967741935483871,0.9583333333333334,0.92,0.9387755102040817,0.9888903067946548,0.9958823529411766,0.014705882352941176,322604000,196.61005508200105,283.4101008249993
FD001_gossip_s11_n10_02df0fd1e4c0,gossip,11,10,iid,packet_loss,ring,1,50,FD001,True,0.02,"[100, 50]",1,d3f904be6308,test_all,fixed,0.9859479103573592,0.8333333333333334,0.8132530120481928,0.823170731707317,0.9203267429472132,0.9950928287173685,0.006815600151457781,322604000,194.3431837970038,49.47823005899584
FD001_gossip_s11_n10_02df0fd1e4c0,gossip,11,10,iid,packet_loss,ring,1,50,FD001,True,0.02,"[100, 50]",1,d3f904be6308,test_all,val_f1,0.9853422168382798,0.8781362007168458,0.7379518072289156,0.8019639934533551,0.9203267429472132,0.9950928287173685,0.00429130379906601,322604000,194.3431837970038,49.47823005899584
FD001_gossip_s11_n10_02df0fd1e4c0,gossip,11,10,iid,packet_loss,ring,1,50,FD001,True,0.02,"[100, 50]",1,d3f904be6308,test_all,val_fpr02,0.9855844942459115,0.8380952380952381,0.7951807228915663,0.8160741885625966,0.9203267429472132,0.9950928287173685,0.006436955698599016,322604000,194.3431837970038,49.47823005899584
FD001_gossip_s11_n10_02df0fd1e4c0,gossip,11,10,iid,packet_loss,ring,1,50,FD001,True,0.02,"[100, 50]",1,d3f904be6308,test_terminal,fixed,0.956989247311828,0.9565217391304348,0.88,0.9166666666666666,0.9764162760059234,0.9917647058823529,0.014705882352941176,322604000,194.3431837970038,49.47823005899584
FD001_gossip_s11_n10_02df0fd1e4c0,gossip,11,10,iid,packet_loss,ring,1,50,FD001,True,0.02,"[100, 50]",1,d3f904be6308,test_terminal,val_f1,0.946236559139785,0.9545454545454546,0.84,0.8936170212765957,0.9764162760059234,0.9917647058823529,0.014705882352941176,322604000,194.3431837970038,49.47823005899584
FD001_gossip_s11_n10_02df0fd1e4c0,gossip,11,10,iid,packet_loss,ring,1,50,FD001,True,0.02,"[100, 50]",1,d3f904be6308,test_terminal,val_fpr02,0.956989247311828,0.9565217391304348,0.88,0.9166666666666666,0.9764162760059234,0.9917647058823529,0.014705882352941176,322604000,194.3431837970038,49.47823005899584
FD001_gossip_s11_n10_47ac98c10413,gossip,11,10,iid,none,ring,1,50,FD001,False,0.02,"[100, 50]",1,451d41a53b0b,test_all,fixed,0.9825560266505149,0.7764705882352941,0.7951807228915663,0.7857142857142857,0.8876454707718386,0.9930665486634155,0.009592326139088728,322604000,197.94018695200612,50.32430727999957
FD001_gossip_s11_n10_47ac98c10413,gossip,11,10,iid,none,ring,1,50,FD001,False,0.02,"[100, 50]",1,451d41a53b0b,test_all,val_f1,0.9825560266505149,0.7764705882352941,0.7951807228915663,0.7857142857142857,0.8876454707718386,0.9930665486634155,0.009592326139088728,322604000,197.94018695200612,50.32430727999957
FD001_gossip_s11_n10_47ac98c10413,gossip,11,10,iid,none,ring,1,50,FD001,False,0.02,"[100, 50]",1,451d41a53b0b,test_all,val_fpr02,0.9823137492428831,0.8274647887323944,0.7078313253012049,0.762987012987013,0.8876454707718386,0.9930665486634155,0.006184526063359838,322604000,197.94018695200612,50.32430727999957
FD001_gossip_s11_n10_47ac98c10413,gossip,11,10,iid,none,ring,1,50,FD001,False,0.02,"[100, 50]",1,451d41a53b0b,test_terminal,fixed,0.9354838709677419,0.88,0.88,0.88,0.9678275415405853,0.9882352941176471,0.04411764705882353,322604000,197.94018695200612,50.32430727999957
FD001_gossip_s11_n10_47ac98c10413,gossip,11,10,iid,none,ring,1,50,FD001,False,0.02,"[100, 50]",1,451d41a53b0b,test_terminal,val_f1,0.9354838709677419,0.88,0.88,0.88,0.9678275415405853,0.9882352941176471,0.04411764705882353,322604000,197.94018695200612,50.32430727999957
FD001_gossip_s11_n10_47ac98c10413,gossip,11,10,iid,none,ring,1,50,FD001,False,0.02,"[100, 50]",1,451d41a53b0b,test_terminal,val_fpr02,0.9139784946236559,0.9047619047619048,0.76,0.8260869565217391,0.9678275415405853,0.9882352941176471,0.029411764705882353,322604000,197.94018695200612,50.32430727999957
FD001_gossip_s11_n10_544288aae4b5,gossip,11,10,lifetime,none,ring,1,50,FD001,True,0.02,"[100, 50]",1,c3abb1342efd,test_all,fixed,0.9780738946093277,0.7103064066852368,0.7680722891566265,0.7380607814761215,0.7850232424723899,0.9787989519608156,0.013126341032437209,322604000,184.95977099500487,64.94937594900506
FD001_gossip_s11_n10_544288aae4b5,gossip,11,10,lifetime,none,ring,1,50,FD001,True,0.02,"[100, 50]",1,c3abb1342efd,test_all,val_f1,0.9780738946093277,0.7214076246334311,0.7409638554216867,0.7310549777117384,0.7850232424723899,0.9787989519608156,0.011990407673860911,322604000,184.95977099500487,64.94937594900506
FD001_gossip_s11_n10_544288aae4b5,gossip,11,10,lifetime,none,ring,1,50,FD001,True,0.02,"[100, 50]",1,c3abb1342efd,test_all,val_fpr02,0.9785584494245911,0.803921568627451,0.6174698795180723,0.6984667802385008,0.7850232424723899,0.9787989519608156,0.006310740880979427,322604000,184.95977099500487,64.94937594900506
FD001_gossip_s11_n10_544288aae4b5,gossip,11,10,lifetime,none,ring,1,50,FD001,True,0.02,"[100, 50]",1,c3abb1342efd,test_terminal,fixed,0.9247311827956989,0.9090909090909091,0.8,0.851063829787234,0.8903908594673302,0.9564705882352942,0.029411764705882353,322604000,184.95977099500487,64.94937594900506
FD001_gossip_s11_n10_544288aae4b5,gossip,11,10,lifetime,none,ring,1,50,FD001,True,0.02,"[100, 50]",1,c3abb1342efd,test_terminal,val_f1,0.9247311827956989,0.9090909090909091,0.8,0.851063829787234,0.8903908594673302,0.9564705882352942,0.029411764705882353,322604000,184.95977099500487,64.94937594900506
FD001_gossip_s11_n10_544288aae4b5,gossip,11,10,lifetime,none,ring,1,50,FD001,True,0.02,"[100, 50]",1,c3abb1342efd,test_terminal,val_fpr02,0.9032258064516129,0.9,0.72,0.8,0.8903908594673302,0.9564705882352942,0.029411764705882353,322604000,184.95977099500487,64.94937594900506
FD001_gossip_s11_n10_54556873830c,gossip,11,10,iid,node_failure,ring,1,50,FD001,True,0.02,"[100, 50]",1,77f2bb654cec,test_all,fixed,0.988007268322229,0.8436578171091446,0.8614457831325302,0.8524590163934426,0.9423316989056945,0.996834365101451,0.006689385333838192,290343600,188.02604703099678,50.0221618249979
FD001_gossip_s11_n10_54556873830c,gossip,11,10,iid,node_failure,ring,1,50,FD001,True,0.02,"[100, 50]",1,77f2bb654cec,test_all,val_f1,0.988007268322229,0.8606811145510835,0.8373493975903614,0.8488549618320611,0.9423316989056945,0.996834365101451,0.005679666792881484,290343600,188.02604703099678,50.0221618249979
FD001_gossip_s11_n10_54556873830c,gossip,11,10,iid,node_failure,ring,1,50,FD001,True,0.02,"[100, 50]",1,77f2bb654cec,test_all,val_fpr02,0.9876438522107813,0.8758169934640523,0.8072289156626506,0.8401253918495298,0.9423316989056945,0.996834365101451,0.004796163069544364,290343600,188.02604703099678,50.0221618249979
FD001_gossip_s11_n10_54556873830c,gossip,11,10,iid,node_failure,ring,1,50,FD001,True,0.02,"[100, 50]",1,77f2bb654cec,test_terminal,fixed,0.956989247311828,0.92,0.92,0.92,0.9769894047981007,0.991764705882353,0.029411764705882353,290343600,188.02604703099678,50.0221618249979
FD001_gossip_s11_n10_54556873830c,gossip,11,10,iid,node_failure,ring,1,50,FD001,True,0.02,"[100, 50]",1,77f2bb654cec,test_terminal,val_f1,0.9354838709677419,0.9130434782608695,0.84,0.875,0.9769894047981007,0.991764705882353,0.029411764705882353,290343600,188.02604703099678,50.0221618249979
FD001_gossip_s11_n10_54556873830c,gossip,11,10,iid,node_failure,ring,1,50,FD001,True,0.02,"[100, 50]",1,77f2bb654cec,test_terminal,val_fpr02,0.9354838709677419,0.9130434782608695,0.84,0.875,0.9769894047981007,0.991764705882353,0.029411764705882353,290343600,188.02604703099678,50.0221618249979
FD001_gossip_s11_n10_59145d061b98,gossip,11,10,iid,server_outage,ring,1,50,FD001,True,0.02,"[100, 50]",1,ace76c4c163e,test_all,fixed,0.9875227135069655,0.8459214501510574,0.8433734939759037,0.8446455505279035,0.9412676054006517,0.9966724147631799,0.006436955698599016,322604000,196.03655194900057,49.999392903997375
FD001_gossip_s11_n10_59145d061b98,gossip,11,10,iid,server_outage,ring,1,50,FD001,True,0.02,"[100, 50]",1,ace76c4c163e,test_all,val_f1,0.9893397940642035,0.9388489208633094,0.786144578313253,0.8557377049180328,0.9412676054006517,0.9966724147631799,0.002145651899533005,322604000,196.03655194900057,49.999392903997375
FD001_gossip_s11_n10_59145d061b98,gossip,11,10,iid,server_outage,ring,1,50,FD001,True,0.02,"[100, 50]",1,ace76c4c163e,test_all,val_fpr02,0.9887341005451241,0.9050847457627119,0.8042168674698795,0.8516746411483254,0.9412676054006517,0.9966724147631799,0.003534014893348479,322604000,196.03655194900057,49.999392903997375
FD001_gossip_s11_n10_59145d061b98,gossip,11,10,iid,server_outage,ring,1,50,FD001,True,0.02,"[100, 50]",1,ace76c4c163e,test_terminal,fixed,0.9354838709677419,0.88,0.88,0.88,0.9770871193388357,0.991764705882353,0.04411764705882353,322604000,196.03655194900057,49.999392903997375
FD001_gossip_s11_n10_59145d061b98,gossip,11,10,iid,server_outage,ring,1,50,FD001,True,0.02,"[100, 50]",1,ace76c4c163e,test_terminal,val_f1,0.956989247311828,0.9565217391304348,0.88,0.9166666666666666,0.9770871193388357,0.991764705882353,0.014705882352941176,322604000,196.03655194900057,49.999392903997375
FD001_gossip_s11_n10_59145d061b98,gossip,11,10,iid,server_outage,ring,1,50,FD001,True,0.02,"[100, 50]",1,ace76c4c163e,test_terminal,val_fpr02,0.946236559139785,0.9166666666666666,0.88,0.8979591836734694,0.9770871193388357,0.991764705882353,0.029411764705882353,322604000,196.03655194900057,49.999392903997375
FD001_gossip_s11_n10_edd064864ea0,gossip,11,10,iid,none,ring,1,50,FD001,True,0.02,"[100, 50]",1,22b20344bb16,test_all,fixed,0.9875227135069655,0.8459214501510574,0.8433734939759037,0.8446455505279035,0.9412676054006517,0.9966724147631799,0.006436955698599016,322604000,190.33667375999983,48.81219347799998
FD001_gossip_s11_n10_edd064864ea0,gossip,11,10,iid,none,ring,1,50,FD001,True,0.02,"[100, 50]",1,22b20344bb16,test_all,val_f1,0.9893397940642035,0.9388489208633094,0.786144578313253,0.8557377049180328,0.9412676054006517,0.9966724147631799,0.002145651899533005,322604000,190.33667375999983,48.81219347799998
FD001_gossip_s11_n10_edd064864ea0,gossip,11,10,iid,none,ring,1,50,FD001,True,0.02,"[100, 50]",1,22b20344bb16,test_all,val_fpr02,0.9887341005451241,0.9050847457627119,0.8042168674698795,0.8516746411483254,0.9412676054006517,0.9966724147631799,0.003534014893348479,322604000,190.33667375999983,48.81219347799998
FD001_gossip_s11_n10_edd064864ea0,gossip,11,10,iid,none,ring,1,50,FD001,True,0.02,"[100, 50]",1,22b20344bb16,test_terminal,fixed,0.9354838709677419,0.88,0.88,0.88,0.9770871193388357,0.991764705882353,0.04411764705882353,322604000,190.33667375999983,48.81219347799998
FD001_gossip_s11_n10_edd064864ea0,gossip,11,10,iid,none,ring,1,50,FD001,True,0.02,"[100, 50]",1,22b20344bb16,test_terminal,val_f1,0.956989247311828,0.9565217391304348,0.88,0.9166666666666666,0.9770871193388357,0.991764705882353,0.014705882352941176,322604000,190.33667375999983,48.81219347799998
FD001_gossip_s11_n10_edd064864ea0,gossip,11,10,iid,none,ring,1,50,FD001,True,0.02,"[100, 50]",1,22b20344bb16,test_terminal,val_fpr02,0.946236559139785,0.9166666666666666,0.88,0.8979591836734694,0.9770871193388357,0.991764705882353,0.029411764705882353,322604000,190.33667375999983,48.81219347799998
FD001_gossip_s11_n20_c44a267f9592,gossip,11,20,iid,none,ring,1,50,FD001,True,0.02,"[100, 50]",1,15ec19a42f2d,test_all,fixed,0.9811023622047244,0.7993197278911565,0.7078313253012049,0.7507987220447284,0.8347863042918573,0.982605925405522,0.007446674239555724,645208000,186.55170148300203,41.459110060000896
FD001_gossip_s11_n20_c44a267f9592,gossip,11,20,iid,none,ring,1,50,FD001,True,0.02,"[100, 50]",1,15ec19a42f2d,test_all,val_f1,0.981465778316172,0.7823343848580442,0.7469879518072289,0.7642526964560863,0.8347863042918573,0.982605925405522,0.00870882241575161,645208000,186.55170148300203,41.459110060000896
FD001_gossip_s11_n20_c44a267f9592,gossip,11,20,iid,none,ring,1,50,FD001,True,0.02,"[100, 50]",1,15ec19a42f2d,test_all,val_fpr02,0.9808600847970926,0.8107142857142857,0.6837349397590361,0.7418300653594772,0.8347863042918573,0.982605925405522,0.006689385333838192,645208000,186.55170148300203,41.459110060000896
FD001_gossip_s11_n20_c44a267f9592,gossip,11,20,iid,none,ring,1,50,FD001,True,0.02,"[100, 50]",1,15ec19a42f2d,test_terminal,fixed,0.946236559139785,1.0,0.8,0.8888888888888888,0.9742689075630254,0.9882352941176471,0.0,645208000,186.55170148300203,41.459110060000896
FD001_gossip_s11_n20_c44a267f9592,gossip,11,20,iid,none,ring,1,50,FD001,True,0.02,"[100, 50]",1,15ec19a42f2d,test_terminal,val_f1,0.967741935483871,1.0,0.88,0.9361702127659575,0.9742689075630254,0.9882352941176471,0.0,645208000,186.55170148300203,41.459110060000896
FD001_gossip_s11_n20_c44a267f9592,gossip,11,20,iid,none,ring,1,50,FD001,True,0.02,"[100, 50]",1,15ec19a42f2d,test_terminal,val_fpr02,0.9354838709677419,1.0,0.76,0.8636363636363636,0.9742689075630254,0.9882352941176471,0.0,645208000,186.55170148300203,41.459110060000896
FD001_gossip_s11_n40_278b1dde77ae,gossip,11,40,iid,none,ring,1,50,FD001,True,0.02,"[100, 50]",1,0d56a1322361,test_all,fixed,0.9615990308903695,0.517814726840855,0.6566265060240963,0.5790172642762285,0.6312965797268173,0.9620359514544357,0.025621607976776473,1290416000,190.87036831900514,34.332439833995444
FD001_gossip_s11_n40_278b1dde77ae,gossip,11,40,iid,none,ring,1,50,FD001,True,0.02,"[100, 50]",1,0d56a1322361,test_all,val_f1,0.9630526953361599,0.5343511450381679,0.6325301204819277,0.5793103448275863,0.6312965797268173,0.9620359514544357,0.023097311624384703,1290416000,190.87036831900514,34.332439833995444
FD001_gossip_s11_n40_278b1dde77ae,gossip,11,40,iid,none,ring,1,50,FD001,True,0.02,"[100, 50]",1,0d56a1322361,test_all,val_fpr02,0.9682616596002422,0.6521739130434783,0.45180722891566266,0.5338078291814946,0.6312965797268173,0.9620359514544357,0.010097185409567083,1290416000,190.87036831900514,34.332439833995444
FD001_gossip_s11_n40_278b1dde77ae,gossip,11,40,iid,none,ring,1,50,FD001,True,0.02,"[100, 50]",1,0d56a1322361,test_terminal,fixed,0.8924731182795699,0.8947368421052632,0.68,0.7727272727272727,0.8842616998484317,0.9570588235294117,0.029411764705882353,1290416000,190.87036831900514,34.332439833995444
FD001_gossip_s11_n40_278b1dde77ae,gossip,11,40,iid,none,ring,1,50,FD001,True,0.02,"[100, 50]",1,0d56a1322361,test_terminal,val_f1,0.8817204301075269,0.8888888888888888,0.64,0.7441860465116279,0.8842616998484317,0.9570588235294117,0.029411764705882353,1290416000,190.87036831900514,34.332439833995444
FD001_gossip_s11_n40_278b1dde77ae,gossip,11,40,iid,none,ring,1,50,FD001,True,0.02,"[100, 50]",1,0d56a1322361,test_terminal,val_fpr02,0.8602150537634409,0.875,0.56,0.6829268292682927,0.8842616998484317,0.9570588235294117,0.029411764705882353,1290416000,190.87036831900514,34.332439833995444
FD001_gossip_s11_n5_316626fa2c79,gossip,11,5,iid,none,ring,1,50,FD001,True,0.02,"[100, 50]",1,ab89e2e3e236,test_all,fixed,0.9866747425802543,0.9586776859504132,0.6987951807228916,0.8083623693379791,0.9283517854065981,0.9955748780810482,0.0012621481761958854,161302000,189.97445988599065,70.9629275689912
FD001_gossip_s11_n5_316626fa2c79,gossip,11,5,iid,none,ring,1,50,FD001,True,0.02,"[100, 50]",1,ab89e2e3e236,test_all,val_f1,0.9881284070260449,0.9465648854961832,0.7469879518072289,0.835016835016835,0.9283517854065981,0.9955748780810482,0.0017670074466742396,161302000,189.97445988599065,70.9629275689912
FD001_gossip_s11_n5_316626fa2c79,gossip,11,5,iid,none,ring,1,50,FD001,True,0.02,"[100, 50]",1,ab89e2e3e236,test_all,val_fpr02,0.9883706844336766,0.9214285714285714,0.7771084337349398,0.8431372549019608,0.9283517854065981,0.9955748780810482,0.002776725987630948,161302000,189.97445988599065,70.9629275689912
FD001_gossip_s11_n5_316626fa2c79,gossip,11,5,iid,none,ring,1,50,FD001,True,0.02,"[100, 50]",1,ab89e2e3e236,test_terminal,fixed,0.9354838709677419,0.9523809523809523,0.8,0.8695652173913043,0.9816487546384021,0.9935294117647059,0.014705882352941176,161302000,189.97445988599065,70.9629275689912
FD001_gossip_s11_n5_316626fa2c79,gossip,11,5,iid,none,ring,1,50,FD001,True,0.02,"[100, 50]",1,ab89e2e3e236,test_terminal,val_f1,0.946236559139785,0.9545454545454546,0.84,0.8936170212765957,0.9816487546384021,0.9935294117647059,0.014705882352941176,161302000,189.97445988599065,70.9629275689912
FD001_gossip_s11_n5_316626fa2c79,gossip,11,5,iid,none,ring,1,50,FD001,True,0.02,"[100, 50]",1,ab89e2e3e236,test_terminal,val_fpr02,0.967741935483871,0.9583333333333334,0.92,0.9387755102040817,0.9816487546384021,0.9935294117647059,0.014705882352941176,161302000,189.97445988599065,70.9629275689912
FD001_gossip_s22_n10_0d4b16919bd9,gossip,22,10,lifetime,none,ring,1,50,FD001,True,0.02,"[100, 50]",1,c3abb1342efd,test_all,fixed,0.9762568140520896,0.6965317919075145,0.7259036144578314,0.7109144542772862,0.7548206669024795,0.9844980071744761,0.013252555850056797,322604000,189.63133407699752,59.74525552798509
FD001_gossip_s22_n10_0d4b16919bd9,gossip,22,10,lifetime,none,ring,1,50,FD001,True,0.02,"[100, 50]",1,c3abb1342efd,test_all,val_f1,0.9771047849788007,0.7562724014336918,0.6355421686746988,0.690671031096563,0.7548206669024795,0.9844980071744761,0.00858260759813202,322604000,189.63133407699752,59.74525552798509
FD001_gossip_s22_n10_0d4b16919bd9,gossip,22,10,lifetime,none,ring,1,50,FD001,True,0.02,"[100, 50]",1,c3abb1342efd,test_all,val_fpr02,0.9761356753482737,0.7973568281938326,0.5451807228915663,0.6475849731663685,0.7548206669024795,0.9844980071744761,0.005805881610501073,322604000,189.63133407699752,59.74525552798509
FD001_gossip_s22_n10_0d4b16919bd9,gossip,22,10,lifetime,none,ring,1,50,FD001,True,0.02,"[100, 50]",1,c3abb1342efd,test_terminal,fixed,0.9139784946236559,0.9047619047619048,0.76,0.8260869565217391,0.9080800319393283,0.9752941176470589,0.029411764705882353,322604000,189.63133407699752,59.74525552798509
FD001_gossip_s22_n10_0d4b16919bd9,gossip,22,10,lifetime,none,ring,1,50,FD001,True,0.02,"[100, 50]",1,c3abb1342efd,test_terminal,val_f1,0.9139784946236559,0.9473684210526315,0.72,0.8181818181818182,0.9080800319393283,0.9752941176470589,0.014705882352941176,322604000,189.63133407699752,59.74525552798509
FD001_gossip_s22_n10_0d4b16919bd9,gossip,22,10,lifetime,none,ring,1,50,FD001,True,0.02,"[100, 50]",1,c3abb1342efd,test_terminal,val_fpr02,0.8817204301075269,0.9375,0.6,0.7317073170731707,0.9080800319393283,0.9752941176470589,0.014705882352941176,322604000,189.63133407699752,59.74525552798509
FD001_gossip_s22_n10_44a46240be22,gossip,22,10,iid,none,ring,1,50,FD001,False,0.02,"[100, 50]",1,451d41a53b0b,test_all,fixed,0.9807389460932768,0.7728706624605678,0.7379518072289156,0.7550077041602465,0.8464194628962554,0.9913827973765565,0.009087466868610375,322604000,197.3794239380004,50.401880271003336
FD001_gossip_s22_n10_44a46240be22,gossip,22,10,iid,none,ring,1,50,FD001,False,0.02,"[100, 50]",1,451d41a53b0b,test_all,val_f1,0.9804966686856451,0.8904109589041096,0.5873493975903614,0.7078039927404719,0.8464194628962554,0.9913827973765565,0.003029155622870125,322604000,197.3794239380004,50.401880271003336
FD001_gossip_s22_n10_44a46240be22,gossip,22,10,iid,none,ring,1,50,FD001,False,0.02,"[100, 50]",1,451d41a53b0b,test_all,val_fpr02,0.9795275590551181,0.9312169312169312,0.5301204819277109,0.6756238003838771,0.8464194628962554,0.9913827973765565,0.0016407926290546511,322604000,197.3794239380004,50.401880271003336
FD001_gossip_s22_n10_44a46240be22,gossip,22,10,iid,none,ring,1,50,FD001,False,0.02,"[100, 50]",1,451d41a53b0b,test_terminal,fixed,0.946236559139785,0.9166666666666666,0.88,0.8979591836734694,0.933259278055531,0.981764705882353,0.029411764705882353,322604000,197.3794239380004,50.401880271003336
FD001_gossip_s22_n10_44a46240be22,gossip,22,10,iid,none,ring,1,50,FD001,False,0.02,"[100, 50]",1,451d41a53b0b,test_terminal,val_f1,0.9354838709677419,0.9523809523809523,0.8,0.8695652173913043,0.933259278055531,0.981764705882353,0.014705882352941176,322604000,197.3794239380004,50.401880271003336
FD001_gossip_s22_n10_44a46240be22,gossip,22,10,iid,none,ring,1,50,FD001,False,0.02,"[100, 50]",1,451d41a53b0b,test_terminal,val_fpr02,0.9032258064516129,0.9444444444444444,0.68,0.7906976744186046,0.933259278055531,0.981764705882353,0.014705882352941176,322604000,197.3794239380004,50.401880271003336
FD001_gossip_s22_n10_5842ae4764a4,gossip,22,10,iid,none,ring,1,50,FD001,True,0.02,"[100, 50]",1,22b20344bb16,test_all,fixed,0.9849788007268322,0.9,0.7048192771084337,0.7905405405405406,0.9049506917309967,0.9932049287646612,0.0032815852581093022,322604000,200.66596656500178,50.93964696000006
FD001_gossip_s22_n10_5842ae4764a4,gossip,22,10,iid,none,ring,1,50,FD001,True,0.02,"[100, 50]",1,22b20344bb16,test_all,val_f1,0.9852210781344639,0.8723404255319149,0.7409638554216867,0.8013029315960912,0.9049506917309967,0.9932049287646612,0.004543733434305188,322604000,200.66596656500178,50.93964696000006
FD001_gossip_s22_n10_5842ae4764a4,gossip,22,10,iid,none,ring,1,50,FD001,True,0.02,"[100, 50]",1,22b20344bb16,test_all,val_fpr02,0.9854633555420957,0.8605442176870748,0.7620481927710844,0.8083067092651757,0.9049506917309967,0.9932049287646612,0.00517480752240313,322604000,200.66596656500178,50.93964696000006
FD001_gossip_s22_n10_5842ae4764a4,gossip,22,10,iid,none,ring,1,50,FD001,True,0.02,"[100, 50]",1,22b20344bb16,test_terminal,fixed,0.946236559139785,0.9545454545454546,0.84,0.8936170212765957,0.9754606738888609,0.991764705882353,0.014705882352941176,322604000,200.66596656500178,50.93964696000006
FD001_gossip_s22_n10_5842ae4764a4,gossip,22,10,iid,none,ring,1,50,FD001,True,0.02,"[100, 50]",1,22b20344bb16,test_terminal,val_f1,0.946236559139785,0.9545454545454546,0.84,0.8936170212765957,0.9754606738888609,0.991764705882353,0.014705882352941176,322604000,200.66596656500178,50.93964696000006
FD001_gossip_s22_n10_5842ae4764a4,gossip,22,10,iid,none,ring,1,50,FD001,True,0.02,"[100, 50]",1,22b20344bb16,test_terminal,val_fpr02,0.967741935483871,0.9583333333333334,0.92,0.9387755102040817,0.9754606738888609,0.991764705882353,0.014705882352941176,322604000,200.66596656500178,50.93964696000006
FD001_gossip_s22_n10_8cc321815a18,gossip,22,10,iid,node_failure,ring,1,50,FD001,True,0.02,"[100, 50]",1,77f2bb654cec,test_all,fixed,0.9837674136886735,0.8278145695364238,0.7530120481927711,0.7886435331230284,0.8833301596595373,0.9911579297120325,0.0065631705162186044,290343600,186.65398954500415,50.23844176900451
FD001_gossip_s22_n10_8cc321815a18,gossip,22,10,iid,node_failure,ring,1,50,FD001,True,0.02,"[100, 50]",1,77f2bb654cec,test_all,val_f1,0.9840096910963053,0.8496503496503497,0.7319277108433735,0.7864077669902912,0.8833301596595373,0.9911579297120325,0.005427237157642307,290343600,186.65398954500415,50.23844176900451
FD001_gossip_s22_n10_8cc321815a18,gossip,22,10,iid,node_failure,ring,1,50,FD001,True,0.02,"[100, 50]",1,77f2bb654cec,test_all,val_fpr02,0.9843731072077528,0.8637992831541219,0.7259036144578314,0.7888707037643208,0.8833301596595373,0.9911579297120325,0.004796163069544364,290343600,186.65398954500415,50.23844176900451
FD001_gossip_s22_n10_8cc321815a18,gossip,22,10,iid,node_failure,ring,1,50,FD001,True,0.02,"[100, 50]",1,77f2bb654cec,test_terminal,fixed,0.9354838709677419,0.9523809523809523,0.8,0.8695652173913043,0.9738993293510458,0.9905882352941177,0.014705882352941176,290343600,186.65398954500415,50.23844176900451
FD001_gossip_s22_n10_8cc321815a18,gossip,22,10,iid,node_failure,ring,1,50,FD001,True,0.02,"[100, 50]",1,77f2bb654cec,test_terminal,val_f1,0.9247311827956989,0.95,0.76,0.8444444444444444,0.9738993293510458,0.9905882352941177,0.014705882352941176,290343600,186.65398954500415,50.23844176900451
FD001_gossip_s22_n10_8cc321815a18,gossip,22,10,iid,node_failure,ring,1,50,FD001,True,0.02,"[100, 50]",1,77f2bb654cec,test_terminal,val_fpr02,0.9247311827956989,0.95,0.76,0.8444444444444444,0.9738993293510458,0.9905882352941177,0.014705882352941176,290343600,186.65398954500415,50.23844176900451
FD001_gossip_s22_n10_d4840961efbb,gossip,22,10,iid,packet_loss,ring,1,50,FD001,True,0.02,"[100, 50]",1,d3f904be6308,test_all,fixed,0.9843731072077528,0.8242811501597445,0.7771084337349398,0.8,0.8959314106647936,0.9915873262075184,0.00694181496907737,322604000,191.84817236999515,49.87189377699172
FD001_gossip_s22_n10_d4840961efbb,gossip,22,10,iid,packet_loss,ring,1,50,FD001,True,0.02,"[100, 50]",1,d3f904be6308,test_all,val_f1,0.9844942459115688,0.8167701863354038,0.7921686746987951,0.8042813455657493,0.8959314106647936,0.9915873262075184,0.007446674239555724,322604000,191.84817236999515,49.87189377699172
FD001_gossip_s22_n10_d4840961efbb,gossip,22,10,iid,packet_loss,ring,1,50,FD001,True,0.02,"[100, 50]",1,d3f904be6308,test_all,val_fpr02,0.98328285887341,0.9490740740740741,0.6174698795180723,0.7481751824817519,0.8959314106647936,0.9915873262075184,0.001388362993815474,322604000,191.84817236999515,49.87189377699172
FD001_gossip_s22_n10_d4840961efbb,gossip,22,10,iid,packet_loss,ring,1,50,FD001,True,0.02,"[100, 50]",1,d3f904be6308,test_terminal,fixed,0.956989247311828,0.9565217391304348,0.88,0.9166666666666666,0.9671152023669187,0.9864705882352941,0.014705882352941176,322604000,191.84817236999515,49.87189377699172
FD001_gossip_s22_n10_d4840961efbb,gossip,22,10,iid,packet_loss,ring,1,50,FD001,True,0.02,"[100, 50]",1,d3f904be6308,test_terminal,val_f1,0.956989247311828,0.9565217391304348,0.88,0.9166666666666666,0.9671152023669187,0.9864705882352941,0.014705882352941176,322604000,191.84817236999515,49.87189377699172
FD001_gossip_s22_n10_d4840961efbb,gossip,22,10,iid,packet_loss,ring,1,50,FD001,True,0.02,"[100, 50]",1,d3f904be6308,test_terminal,val_fpr02,0.9032258064516129,0.9444444444444444,0.68,0.7906976744186046,0.9671152023669187,0.9864705882352941,0.014705882352941176,322604000,191.84817236999515,49.87189377699172
FD001_gossip_s22_n10_d7e26f0867b7,gossip,22,10,iid,server_outage,ring,1,50,FD001,True,0.02,"[100, 50]",1,ace76c4c163e,test_all,fixed,0.9849788007268322,0.9,0.7048192771084337,0.7905405405405406,0.9049506917309967,0.9932049287646612,0.0032815852581093022,322604000,198.66011070900277,50.573791014006865
FD001_gossip_s22_n10_d7e26f0867b7,gossip,22,10,iid,server_outage,ring,1,50,FD001,True,0.02,"[100, 50]",1,ace76c4c163e,test_all,val_f1,0.9852210781344639,0.8723404255319149,0.7409638554216867,0.8013029315960912,0.9049506917309967,0.9932049287646612,0.004543733434305188,322604000,198.66011070900277,50.573791014006865
FD001_gossip_s22_n10_d7e26f0867b7,gossip,22,10,iid,server_outage,ring,1,50,FD001,True,0.02,"[100, 50]",1,ace76c4c163e,test_all,val_fpr02,0.9854633555420957,0.8605442176870748,0.7620481927710844,0.8083067092651757,0.9049506917309967,0.9932049287646612,0.00517480752240313,322604000,198.66011070900277,50.573791014006865
FD001_gossip_s22_n10_d7e26f0867b7,gossip,22,10,iid,server_outage,ring,1,50,FD001,True,0.02,"[100, 50]",1,ace76c4c163e,test_terminal,fixed,0.946236559139785,0.9545454545454546,0.84,0.8936170212765957,0.9754606738888609,0.991764705882353,0.014705882352941176,322604000,198.66011070900277,50.573791014006865
FD001_gossip_s22_n10_d7e26f0867b7,gossip,22,10,iid,server_outage,ring,1,50,FD001,True,0.02,"[100, 50]",1,ace76c4c163e,test_terminal,val_f1,0.946236559139785,0.9545454545454546,0.84,0.8936170212765957,0.9754606738888609,0.991764705882353,0.014705882352941176,322604000,198.66011070900277,50.573791014006865
FD001_gossip_s22_n10_d7e26f0867b7,gossip,22,10,iid,server_outage,ring,1,50,FD001,True,0.02,"[100, 50]",1,ace76c4c163e,test_terminal,val_fpr02,0.967741935483871,0.9583333333333334,0.92,0.9387755102040817,0.9754606738888609,0.991764705882353,0.014705882352941176,322604000,198.66011070900277,50.573791014006865
FD001_gossip_s22_n20_e2d7d1430004,gossip,22,20,iid,none,ring,1,50,FD001,True,0.02,"[100, 50]",1,15ec19a42f2d,test_all,fixed,0.9777104784978801,0.7298136645962733,0.7078313253012049,0.7186544342507645,0.7825896883844573,0.9845858253156511,0.010980689132904203,645208000,190.2713060089991,38.68117689900639
FD001_gossip_s22_n20_e2d7d1430004,gossip,22,20,iid,none,ring,1,50,FD001,True,0.02,"[100, 50]",1,15ec19a42f2d,test_all,val_f1,0.9761356753482737,0.6912181303116147,0.7349397590361446,0.7124087591240876,0.7825896883844573,0.9845858253156511,0.013757415120535152,645208000,190.2713060089991,38.68117689900639
FD001_gossip_s22_n20_e2d7d1430004,gossip,22,20,iid,none,ring,1,50,FD001,True,0.02,"[100, 50]",1,15ec19a42f2d,test_all,val_fpr02,0.9662023016353725,0.9491525423728814,0.1686746987951807,0.2864450127877238,0.7825896883844573,0.9845858253156511,0.0003786444528587656,645208000,190.2713060089991,38.68117689900639
FD001_gossip_s22_n20_e2d7d1430004,gossip,22,20,iid,none,ring,1,50,FD001,True,0.02,"[100, 50]",1,15ec19a42f2d,test_terminal,fixed,0.946236559139785,0.9545454545454546,0.84,0.8936170212765957,0.9352399722017424,0.9847058823529412,0.014705882352941176,645208000,190.2713060089991,38.68117689900639
FD001_gossip_s22_n20_e2d7d1430004,gossip,22,20,iid,none,ring,1,50,FD001,True,0.02,"[100, 50]",1,15ec19a42f2d,test_terminal,val_f1,0.9354838709677419,0.9130434782608695,0.84,0.875,0.9352399722017424,0.9847058823529412,0.029411764705882353,645208000,190.2713060089991,38.68117689900639
FD001_gossip_s22_n20_e2d7d1430004,gossip,22,20,iid,none,ring,1,50,FD001,True,0.02,"[100, 50]",1,15ec19a42f2d,test_terminal,val_fpr02,0.8279569892473119,0.9090909090909091,0.4,0.5555555555555556,0.9352399722017424,0.9847058823529412,0.014705882352941176,645208000,190.2713060089991,38.68117689900639
FD001_gossip_s22_n40_263a5160a1c0,gossip,22,40,iid,none,ring,1,50,FD001,True,0.02,"[100, 50]",1,0d56a1322361,test_all,fixed,0.9715324046032707,0.7235023041474654,0.47289156626506024,0.5719489981785064,0.6467751645977381,0.9468301072521818,0.007572889057175312,1290416000,174.98871540799882,32.87911844000329
FD001_gossip_s22_n40_263a5160a1c0,gossip,22,40,iid,none,ring,1,50,FD001,True,0.02,"[100, 50]",1,0d56a1322361,test_all,val_f1,0.9700787401574803,0.6653696498054474,0.5150602409638554,0.5806451612903226,0.6467751645977381,0.9468301072521818,0.010854474315284614,1290416000,174.98871540799882,32.87911844000329
FD001_gossip_s22_n40_263a5160a1c0,gossip,22,40,iid,none,ring,1,50,FD001,True,0.02,"[100, 50]",1,0d56a1322361,test_all,val_fpr02,0.9636583888552392,1.0,0.0963855421686747,0.17582417582417584,0.6467751645977381,0.9468301072521818,0.0,1290416000,174.98871540799882,32.87911844000329
FD001_gossip_s22_n40_263a5160a1c0,gossip,22,40,iid,none,ring,1,50,FD001,True,0.02,"[100, 50]",1,0d56a1322361,test_terminal,fixed,0.8602150537634409,0.875,0.56,0.6829268292682927,0.8182575098104512,0.9164705882352941,0.029411764705882353,1290416000,174.98871540799882,32.87911844000329
FD001_gossip_s22_n40_263a5160a1c0,gossip,22,40,iid,none,ring,1,50,FD001,True,0.02,"[100, 50]",1,0d56a1322361,test_terminal,val_f1,0.8709677419354839,0.8823529411764706,0.6,0.7142857142857143,0.8182575098104512,0.9164705882352941,0.029411764705882353,1290416000,174.98871540799882,32.87911844000329
FD001_gossip_s22_n40_263a5160a1c0,gossip,22,40,iid,none,ring,1,50,FD001,True,0.02,"[100, 50]",1,0d56a1322361,test_terminal,val_fpr02,0.7741935483870968,1.0,0.16,0.27586206896551724,0.8182575098104512,0.9164705882352941,0.0,1290416000,174.98871540799882,32.87911844000329
FD001_gossip_s22_n5_30ce74c8ae12,gossip,22,5,iid,none,ring,1,50,FD001,True,0.02,"[100, 50]",1,ab89e2e3e236,test_all,fixed,0.9876438522107813,0.8859060402684564,0.7951807228915663,0.8380952380952381,0.9419039025455015,0.9970293898045799,0.00429130379906601,161302000,197.82397160599794,68.46122126599396
FD001_gossip_s22_n5_30ce74c8ae12,gossip,22,5,iid,none,ring,1,50,FD001,True,0.02,"[100, 50]",1,ab89e2e3e236,test_all,val_f1,0.9861901877649909,0.7838541666666666,0.9066265060240963,0.840782122905028,0.9419039025455015,0.9970293898045799,0.010475829862425848,161302000,197.82397160599794,68.46122126599396
FD001_gossip_s22_n5_30ce74c8ae12,gossip,22,5,iid,none,ring,1,50,FD001,True,0.02,"[100, 50]",1,ab89e2e3e236,test_all,val_fpr02,0.987886129618413,0.8493975903614458,0.8493975903614458,0.8493975903614458,0.9419039025455015,0.9970293898045799,0.006310740880979427,161302000,197.82397160599794,68.46122126599396
FD001_gossip_s22_n5_30ce74c8ae12,gossip,22,5,iid,none,ring,1,50,FD001,True,0.02,"[100, 50]",1,ab89e2e3e236,test_terminal,fixed,0.956989247311828,0.9565217391304348,0.88,0.9166666666666666,0.9858800503843984,0.9947058823529412,0.014705882352941176,161302000,197.82397160599794,68.46122126599396
FD001_gossip_s22_n5_30ce74c8ae12,gossip,22,5,iid,none,ring,1,50,FD001,True,0.02,"[100, 50]",1,ab89e2e3e236,test_terminal,val_f1,0.956989247311828,0.8888888888888888,0.96,0.9230769230769231,0.9858800503843984,0.9947058823529412,0.04411764705882353,161302000,197.82397160599794,68.46122126599396
FD001_gossip_s22_n5_30ce74c8ae12,gossip,22,5,iid,none,ring,1,50,FD001,True,0.02,"[100, 50]",1,ab89e2e3e236,test_terminal,val_fpr02,0.967741935483871,0.9230769230769231,0.96,0.9411764705882353,0.9858800503843984,0.9947058823529412,0.029411764705882353,161302000,197.82397160599794,68.46122126599396
FD001_gossip_s33_n10_28c19d28d0a4,gossip,33,10,iid,none,ring,1,50,FD001,False,0.02,"[100, 50]",1,451d41a53b0b,test_all,fixed,0.9860690490611751,0.9063670411985019,0.7289156626506024,0.8080133555926544,0.9218180417084627,0.9955931260064871,0.0031553704404897135,322604000,192.53368745999614,48.73875718398988
FD001_gossip_s33_n10_28c19d28d0a4,gossip,33,10,iid,none,ring,1,50,FD001,False,0.02,"[100, 50]",1,451d41a53b0b,test_all,val_f1,0.9852210781344639,0.8017241379310345,0.8403614457831325,0.8205882352941176,0.9218180417084627,0.9955931260064871,0.00870882241575161,322604000,192.53368745999614,48.73875718398988
FD001_gossip_s33_n10_28c19d28d0a4,gossip,33,10,iid,none,ring,1,50,FD001,False,0.02,"[100, 50]",1,451d41a53b0b,test_all,val_fpr02,0.9857056329497275,0.8165680473372781,0.8313253012048193,0.8238805970149253,0.9218180417084627,0.9955931260064871,0.00782531869241449,322604000,192.53368745999614,48.73875718398988
FD001_gossip_s33_n10_28c19d28d0a4,gossip,33,10,iid,none,ring,1,50,FD001,False,0.02,"[100, 50]",1,451d41a53b0b,test_terminal,fixed,0.956989247311828,0.9565217391304348,0.88,0.9166666666666666,0.9800524006148132,0.9923529411764705,0.014705882352941176,322604000,192.53368745999614,48.73875718398988
FD001_gossip_s33_n10_28c19d28d0a4,gossip,33,10,iid,none,ring,1,50,FD001,False,0.02,"[100, 50]",1,451d41a53b0b,test_terminal,val_f1,0.956989247311828,0.92,0.92,0.92,0.9800524006148132,0.9923529411764705,0.029411764705882353,322604000,192.53368745999614,48.73875718398988
FD001_gossip_s33_n10_28c19d28d0a4,gossip,33,10,iid,none,ring,1,50,FD001,False,0.02,"[100, 50]",1,451d41a53b0b,test_terminal,val_fpr02,0.956989247311828,0.92,0.92,0.92,0.9800524006148132,0.9923529411764705,0.029411764705882353,322604000,192.53368745999614,48.73875718398988
FD001_gossip_s33_n10_6c96f599eb69,gossip,33,10,iid,server_outage,ring,1,50,FD001,True,0.02,"[100, 50]",1,ace76c4c163e,test_all,fixed,0.9837674136886735,0.875,0.6957831325301205,0.7751677852348994,0.900019624909292,0.9939584160192454,0.0041650889814464215,322604000,191.91362720100733,48.4765601279941
FD001_gossip_s33_n10_6c96f599eb69,gossip,33,10,iid,server_outage,ring,1,50,FD001,True,0.02,"[100, 50]",1,ace76c4c163e,test_all,val_f1,0.9836462749848577,0.8689138576779026,0.6987951807228916,0.7746243739565943,0.900019624909292,0.9939584160192454,0.004417518616685599,322604000,191.91362720100733,48.4765601279941
FD001_gossip_s33_n10_6c96f599eb69,gossip,33,10,iid,server_outage,ring,1,50,FD001,True,0.02,"[100, 50]",1,ace76c4c163e,test_all,val_fpr02,0.98328285887341,0.8169934640522876,0.7530120481927711,0.7836990595611285,0.900019624909292,0.9939584160192454,0.007068029786696958,322604000,191.91362720100733,48.4765601279941
FD001_gossip_s33_n10_6c96f599eb69,gossip,33,10,iid,server_outage,ring,1,50,FD001,True,0.02,"[100, 50]",1,ace76c4c163e,test_terminal,fixed,0.946236559139785,0.9545454545454546,0.84,0.8936170212765957,0.9769390729407894,0.9911764705882353,0.014705882352941176,322604000,191.91362720100733,48.4765601279941
FD001_gossip_s33_n10_6c96f599eb69,gossip,33,10,iid,server_outage,ring,1,50,FD001,True,0.02,"[100, 50]",1,ace76c4c163e,test_terminal,val_f1,0.946236559139785,0.9545454545454546,0.84,0.8936170212765957,0.9769390729407894,0.9911764705882353,0.014705882352941176,322604000,191.91362720100733,48.4765601279941
FD001_gossip_s33_n10_6c96f599eb69,gossip,33,10,iid,server_outage,ring,1,50,FD001,True,0.02,"[100, 50]",1,ace76c4c163e,test_terminal,val_fpr02,0.967741935483871,0.9583333333333334,0.92,0.9387755102040817,0.9769390729407894,0.9911764705882353,0.014705882352941176,322604000,191.91362720100733,48.4765601279941
FD001_gossip_s33_n10_6ed4d15e1a9f,gossip,33,10,iid,none,ring,1,50,FD001,True,0.02,"[100, 50]",1,22b20344bb16,test_all,fixed,0.9837674136886735,0.875,0.6957831325301205,0.7751677852348994,0.900019624909292,0.9939584160192454,0.0041650889814464215,322604000,199.55530346899923,49.86475517499997
FD001_gossip_s33_n10_6ed4d15e1a9f,gossip,33,10,iid,none,ring,1,50,FD001,True,0.02,"[100, 50]",1,22b20344bb16,test_all,val_f1,0.9836462749848577,0.8689138576779026,0.6987951807228916,0.7746243739565943,0.900019624909292,0.9939584160192454,0.004417518616685599,322604000,199.55530346899923,49.86475517499997
FD001_gossip_s33_n10_6ed4d15e1a9f,gossip,33,10,iid,none,ring,1,50,FD001,True,0.02,"[100, 50]",1,22b20344bb16,test_all,val_fpr02,0.98328285887341,0.8169934640522876,0.7530120481927711,0.7836990595611285,0.900019624909292,0.9939584160192454,0.007068029786696958,322604000,199.55530346899923,49.86475517499997
FD001_gossip_s33_n10_6ed4d15e1a9f,gossip,33,10,iid,none,ring,1,50,FD001,True,0.02,"[100, 50]",1,22b20344bb16,test_terminal,fixed,0.946236559139785,0.9545454545454546,0.84,0.8936170212765957,0.9769390729407894,0.9911764705882353,0.014705882352941176,322604000,199.55530346899923,49.86475517499997
FD001_gossip_s33_n10_6ed4d15e1a9f,gossip,33,10,iid,none,ring,1,50,FD001,True,0.02,"[100, 50]",1,22b20344bb16,test_terminal,val_f1,0.946236559139785,0.9545454545454546,0.84,0.8936170212765957,0.9769390729407894,0.9911764705882353,0.014705882352941176,322604000,199.55530346899923,49.86475517499997
FD001_gossip_s33_n10_6ed4d15e1a9f,gossip,33,10,iid,none,ring,1,50,FD001,True,0.02,"[100, 50]",1,22b20344bb16,test_terminal,val_fpr02,0.967741935483871,0.9583333333333334,0.92,0.9387755102040817,0.9769390729407894,0.9911764705882353,0.014705882352941176,322604000,199.55530346899923,49.86475517499997
FD001_gossip_s33_n10_72e099d8abf8,gossip,33,10,iid,packet_loss,ring,1,50,FD001,True,0.02,"[100, 50]",1,d3f904be6308,test_all,fixed,0.9835251362810418,0.8769230769230769,0.6867469879518072,0.7702702702702703,0.8594729397853612,0.9916789459998266,0.004038874163826834,322604000,192.02056725301372,48.703617461989715
FD001_gossip_s33_n10_72e099d8abf8,gossip,33,10,iid,packet_loss,ring,1,50,FD001,True,0.02,"[100, 50]",1,d3f904be6308,test_all,val_f1,0.9840096910963053,0.8333333333333334,0.7530120481927711,0.7911392405063291,0.8594729397853612,0.9916789459998266,0.006310740880979427,322604000,192.02056725301372,48.703617461989715
FD001_gossip_s33_n10_72e099d8abf8,gossip,33,10,iid,packet_loss,ring,1,50,FD001,True,0.02,"[100, 50]",1,d3f904be6308,test_all,val_fpr02,0.9831617201695941,0.7951070336391437,0.7831325301204819,0.7890743550834598,0.8594729397853612,0.9916789459998266,0.008456392780512433,322604000,192.02056725301372,48.703617461989715
FD001_gossip_s33_n10_72e099d8abf8,gossip,33,10,iid,packet_loss,ring,1,50,FD001,True,0.02,"[100, 50]",1,d3f904be6308,test_terminal,fixed,0.946236559139785,0.9166666666666666,0.88,0.8979591836734694,0.9698465476552436,0.9876470588235293,0.029411764705882353,322604000,192.02056725301372,48.703617461989715
FD001_gossip_s33_n10_72e099d8abf8,gossip,33,10,iid,packet_loss,ring,1,50,FD001,True,0.02,"[100, 50]",1,d3f904be6308,test_terminal,val_f1,0.946236559139785,0.9166666666666666,0.88,0.8979591836734694,0.9698465476552436,0.9876470588235293,0.029411764705882353,322604000,192.02056725301372,48.703617461989715
FD001_gossip_s33_n10_72e099d8abf8,gossip,33,10,iid,packet_loss,ring,1,50,FD001,True,0.02,"[100, 50]",1,d3f904be6308,test_terminal,val_fpr02,0.946236559139785,0.9166666666666666,0.88,0.8979591836734694,0.9698465476552436,0.9876470588235293,0.029411764705882353,322604000,192.02056725301372,48.703617461989715
FD001_gossip_s33_n10_752c029de926,gossip,33,10,iid,node_failure,ring,1,50,FD001,True,0.02,"[100, 50]",1,77f2bb654cec,test_all,fixed,0.9829194427619624,0.8498168498168498,0.6987951807228916,0.7669421487603306,0.870456099959017,0.9910421694350291,0.00517480752240313,290343600,183.0457106200156,48.62320573500249
FD001_gossip_s33_n10_752c029de926,gossip,33,10,iid,node_failure,ring,1,50,FD001,True,0.02,"[100, 50]",1,77f2bb654cec,test_all,val_f1,0.9818291944276196,0.7774390243902439,0.7680722891566265,0.7727272727272727,0.870456099959017,0.9910421694350291,0.009213681686229963,290343600,183.0457106200156,48.62320573500249
FD001_gossip_s33_n10_752c029de926,gossip,33,10,iid,node_failure,ring,1,50,FD001,True,0.02,"[100, 50]",1,77f2bb654cec,test_all,val_fpr02,0.9813446396123562,0.7633136094674556,0.7771084337349398,0.7701492537313432,0.870456099959017,0.9910421694350291,0.010097185409567083,290343600,183.0457106200156,48.62320573500249
FD001_gossip_s33_n10_752c029de926,gossip,33,10,iid,node_failure,ring,1,50,FD001,True,0.02,"[100, 50]",1,77f2bb654cec,test_terminal,fixed,0.9247311827956989,0.95,0.76,0.8444444444444444,0.9675303163804982,0.9870588235294118,0.014705882352941176,290343600,183.0457106200156,48.62320573500249
FD001_gossip_s33_n10_752c029de926,gossip,33,10,iid,node_failure,ring,1,50,FD001,True,0.02,"[100, 50]",1,77f2bb654cec,test_terminal,val_f1,0.9354838709677419,0.9130434782608695,0.84,0.875,0.9675303163804982,0.9870588235294118,0.029411764705882353,290343600,183.0457106200156,48.62320573500249
FD001_gossip_s33_n10_752c029de926,gossip,33,10,iid,node_failure,ring,1,50,FD001,True,0.02,"[100, 50]",1,77f2bb654cec,test_terminal,val_fpr02,0.9354838709677419,0.9130434782608695,0.84,0.875,0.9675303163804982,0.9870588235294118,0.029411764705882353,290343600,183.0457106200156,48.62320573500249
FD001_gossip_s33_n10_f806a382b734,gossip,33,10,lifetime,none,ring,1,50,FD001,True,0.02,"[100, 50]",1,c3abb1342efd,test_all,fixed,0.9820714718352513,0.8285714285714286,0.6987951807228916,0.7581699346405228,0.8480724558381042,0.9901107649074146,0.00605831124574025,322604000,178.15463725100562,55.00241283400823
FD001_gossip_s33_n10_f806a382b734,gossip,33,10,lifetime,none,ring,1,50,FD001,True,0.02,"[100, 50]",1,c3abb1342efd,test_all,val_f1,0.9819503331314355,0.771513353115727,0.7831325301204819,0.7772795216741405,0.8480724558381042,0.9901107649074146,0.009718540956708318,322604000,178.15463725100562,55.00241283400823
FD001_gossip_s33_n10_f806a382b734,gossip,33,10,lifetime,none,ring,1,50,FD001,True,0.02,"[100, 50]",1,c3abb1342efd,test_all,val_fpr02,0.9807389460932768,0.833976833976834,0.6506024096385542,0.7309644670050761,0.8480724558381042,0.9901107649074146,0.005427237157642307,322604000,178.15463725100562,55.00241283400823
FD001_gossip_s33_n10_f806a382b734,gossip,33,10,lifetime,none,ring,1,50,FD001,True,0.02,"[100, 50]",1,c3abb1342efd,test_terminal,fixed,0.9247311827956989,0.95,0.76,0.8444444444444444,0.9772172272172274,0.9911764705882353,0.014705882352941176,322604000,178.15463725100562,55.00241283400823
FD001_gossip_s33_n10_f806a382b734,gossip,33,10,lifetime,none,ring,1,50,FD001,True,0.02,"[100, 50]",1,c3abb1342efd,test_terminal,val_f1,0.9354838709677419,0.9130434782608695,0.84,0.875,0.9772172272172274,0.9911764705882353,0.029411764705882353,322604000,178.15463725100562,55.00241283400823
FD001_gossip_s33_n10_f806a382b734,gossip,33,10,lifetime,none,ring,1,50,FD001,True,0.02,"[100, 50]",1,c3abb1342efd,test_terminal,val_fpr02,0.9247311827956989,0.95,0.76,0.8444444444444444,0.9772172272172274,0.9911764705882353,0.014705882352941176,322604000,178.15463725100562,55.00241283400823
FD001_gossip_s33_n20_05f64111195e,gossip,33,20,iid,none,ring,1,50,FD001,True,0.02,"[100, 50]",1,15ec19a42f2d,test_all,fixed,0.983403997577226,0.8282828282828283,0.7409638554216867,0.7821939586645469,0.870042308097824,0.9897058890617374,0.006436955698599016,645208000,191.08495208299792,38.761975468991224
FD001_gossip_s33_n20_05f64111195e,gossip,33,20,iid,none,ring,1,50,FD001,True,0.02,"[100, 50]",1,15ec19a42f2d,test_all,val_f1,0.981465778316172,0.7671641791044777,0.7740963855421686,0.7706146926536732,0.870042308097824,0.9897058890617374,0.009844755774327906,645208000,191.08495208299792,38.761975468991224
FD001_gossip_s33_n20_05f64111195e,gossip,33,20,iid,none,ring,1,50,FD001,True,0.02,"[100, 50]",1,15ec19a42f2d,test_all,val_fpr02,0.981465778316172,0.7671641791044777,0.7740963855421686,0.7706146926536732,0.870042308097824,0.9897058890617374,0.009844755774327906,645208000,191.08495208299792,38.761975468991224
FD001_gossip_s33_n20_05f64111195e,gossip,33,20,iid,none,ring,1,50,FD001,True,0.02,"[100, 50]",1,15ec19a42f2d,test_terminal,fixed,0.946236559139785,0.9545454545454546,0.84,0.8936170212765957,0.976141958400023,0.9905882352941177,0.014705882352941176,645208000,191.08495208299792,38.761975468991224
FD001_gossip_s33_n20_05f64111195e,gossip,33,20,iid,none,ring,1,50,FD001,True,0.02,"[100, 50]",1,15ec19a42f2d,test_terminal,val_f1,0.9354838709677419,0.9130434782608695,0.84,0.875,0.976141958400023,0.9905882352941177,0.029411764705882353,645208000,191.08495208299792,38.761975468991224
FD001_gossip_s33_n20_05f64111195e,gossip,33,20,iid,none,ring,1,50,FD001,True,0.02,"[100, 50]",1,15ec19a42f2d,test_terminal,val_fpr02,0.9354838709677419,0.9130434782608695,0.84,0.875,0.976141958400023,0.9905882352941177,0.029411764705882353,645208000,191.08495208299792,38.761975468991224
FD001_gossip_s33_n40_0cf2a064e83f,gossip,33,40,iid,none,ring,1,50,FD001,True,0.02,"[100, 50]",1,0d56a1322361,test_all,fixed,0.9783161720169594,0.825531914893617,0.5843373493975904,0.6843033509700176,0.7562934480535655,0.9685261302688983,0.00517480752240313,1290416000,200.45421915100815,33.880359392001914
FD001_gossip_s33_n40_0cf2a064e83f,gossip,33,40,iid,none,ring,1,50,FD001,True,0.02,"[100, 50]",1,0d56a1322361,test_all,val_f1,0.976862507571169,0.7266881028938906,0.6807228915662651,0.702954898911353,0.7562934480535655,0.9685261302688983,0.010728259497665026,1290416000,200.45421915100815,33.880359392001914
FD001_gossip_s33_n40_0cf2a064e83f,gossip,33,40,iid,none,ring,1,50,FD001,True,0.02,"[100, 50]",1,0d56a1322361,test_all,val_fpr02,0.9780738946093277,0.7785977859778598,0.6355421686746988,0.6998341625207297,0.7562934480535655,0.9685261302688983,0.007572889057175312,1290416000,200.45421915100815,33.880359392001914
FD001_gossip_s33_n40_0cf2a064e83f,gossip,33,40,iid,none,ring,1,50,FD001,True,0.02,"[100, 50]",1,0d56a1322361,test_terminal,fixed,0.9032258064516129,0.9,0.72,0.8,0.9065118147069449,0.9458823529411765,0.029411764705882353,1290416000,200.45421915100815,33.880359392001914
FD001_gossip_s33_n40_0cf2a064e83f,gossip,33,40,iid,none,ring,1,50,FD001,True,0.02,"[100, 50]",1,0d56a1322361,test_terminal,val_f1,0.9032258064516129,0.8636363636363636,0.76,0.8085106382978723,0.9065118147069449,0.9458823529411765,0.04411764705882353,1290416000,200.45421915100815,33.880359392001914
FD001_gossip_s33_n40_0cf2a064e83f,gossip,33,40,iid,none,ring,1,50,FD001,True,0.02,"[100, 50]",1,0d56a1322361,test_terminal,val_fpr02,0.9139784946236559,0.9047619047619048,0.76,0.8260869565217391,0.9065118147069449,0.9458823529411765,0.029411764705882353,1290416000,200.45421915100815,33.880359392001914
FD001_gossip_s33_n5_6cdc6aaeff85,gossip,33,5,iid,none,ring,1,50,FD001,True,0.02,"[100, 50]",1,ab89e2e3e236,test_all,fixed,0.9869170199878862,0.9912280701754386,0.6807228915662651,0.8071428571428572,0.9537590404552353,0.9975916540071684,0.0002524296352391771,161302000,192.37404801999583,72.2662624080148
FD001_gossip_s33_n5_6cdc6aaeff85,gossip,33,5,iid,none,ring,1,50,FD001,True,0.02,"[100, 50]",1,ab89e2e3e236,test_all,val_f1,0.988976377952756,0.9112627986348123,0.8042168674698795,0.8544,0.9537590404552353,0.9975916540071684,0.0032815852581093022,161302000,192.37404801999583,72.2662624080148
FD001_gossip_s33_n5_6cdc6aaeff85,gossip,33,5,iid,none,ring,1,50,FD001,True,0.02,"[100, 50]",1,ab89e2e3e236,test_all,val_fpr02,0.9882495457298607,0.8328611898016998,0.8855421686746988,0.8583941605839416,0.9537590404552353,0.9975916540071684,0.007446674239555724,161302000,192.37404801999583,72.2662624080148
FD001_gossip_s33_n5_6cdc6aaeff85,gossip,33,5,iid,none,ring,1,50,FD001,True,0.02,"[100, 50]",1,ab89e2e3e236,test_terminal,fixed,0.956989247311828,1.0,0.84,0.9130434782608695,0.9984615384615386,0.9994117647058824,0.0,161302000,192.37404801999583,72.2662624080148
FD001_gossip_s33_n5_6cdc6aaeff85,gossip,33,5,iid,none,ring,1,50,FD001,True,0.02,"[100, 50]",1,ab89e2e3e236,test_terminal,val_f1,0.978494623655914,0.96,0.96,0.96,0.9984615384615386,0.9994117647058824,0.014705882352941176,161302000,192.37404801999583,72.2662624080148
FD001_gossip_s33_n5_6cdc6aaeff85,gossip,33,5,iid,none,ring,1,50,FD001,True,0.02,"[100, 50]",1,ab89e2e3e236,test_terminal,val_fpr02,0.978494623655914,0.96,0.96,0.96,0.9984615384615386,0.9994117647058824,0.014705882352941176,161302000,192.37404801999583,72.2662624080148
FD001_gossip_s44_n10_87f3432d92d0,gossip,44,10,iid,none,ring,1,50,FD001,True,0.02,"[100, 50]",1,22b20344bb16,test_all,fixed,0.9841308298001211,0.7947214076246334,0.8162650602409639,0.8053491827637445,0.8949337843888657,0.992473871251762,0.008835037233371198,322604000,186.73391494899624,48.02201536099704
FD001_gossip_s44_n10_87f3432d92d0,gossip,44,10,iid,none,ring,1,50,FD001,True,0.02,"[100, 50]",1,22b20344bb16,test_all,val_f1,0.9847365233192005,0.9256198347107438,0.6746987951807228,0.7804878048780488,0.8949337843888657,0.992473871251762,0.002271866717152594,322604000,186.73391494899624,48.02201536099704
FD001_gossip_s44_n10_87f3432d92d0,gossip,44,10,iid,none,ring,1,50,FD001,True,0.02,"[100, 50]",1,22b20344bb16,test_all,val_fpr02,0.9853422168382798,0.8836363636363637,0.7319277108433735,0.800658978583196,0.8949337843888657,0.992473871251762,0.004038874163826834,322604000,186.73391494899624,48.02201536099704
FD001_gossip_s44_n10_87f3432d92d0,gossip,44,10,iid,none,ring,1,50,FD001,True,0.02,"[100, 50]",1,22b20344bb16,test_terminal,fixed,0.946236559139785,0.9166666666666666,0.88,0.8979591836734694,0.9770968112347425,0.9911764705882353,0.029411764705882353,322604000,186.73391494899624,48.02201536099704
FD001_gossip_s44_n10_87f3432d92d0,gossip,44,10,iid,none,ring,1,50,FD001,True,0.02,"[100, 50]",1,22b20344bb16,test_terminal,val_f1,0.9354838709677419,1.0,0.76,0.8636363636363636,0.9770968112347425,0.9911764705882353,0.0,322604000,186.73391494899624,48.02201536099704
FD001_gossip_s44_n10_87f3432d92d0,gossip,44,10,iid,none,ring,1,50,FD001,True,0.02,"[100, 50]",1,22b20344bb16,test_terminal,val_fpr02,0.946236559139785,0.9545454545454546,0.84,0.8936170212765957,0.9770968112347425,0.9911764705882353,0.014705882352941176,322604000,186.73391494899624,48.02201536099704
FD001_gossip_s55_n10_a163f5840e62,gossip,55,10,iid,none,ring,1,50,FD001,True,0.02,"[100, 50]",1,22b20344bb16,test_all,fixed,0.983403997577226,0.8545454545454545,0.7078313253012049,0.7742998352553542,0.8886378258449719,0.993383986533031,0.005048592704783542,322604000,198.39537884999845,51.094701944999485
FD001_gossip_s55_n10_a163f5840e62,gossip,55,10,iid,none,ring,1,50,FD001,True,0.02,"[100, 50]",1,22b20344bb16,test_all,val_f1,0.9836462749848577,0.8773946360153256,0.6897590361445783,0.7723440134907251,0.8886378258449719,0.993383986533031,0.004038874163826834,322604000,198.39537884999845,51.094701944999485
FD001_gossip_s55_n10_a163f5840e62,gossip,55,10,iid,none,ring,1,50,FD001,True,0.02,"[100, 50]",1,22b20344bb16,test_all,val_fpr02,0.9820714718352513,0.789308176100629,0.7560240963855421,0.7723076923076924,0.8886378258449719,0.993383986533031,0.008456392780512433,322604000,198.39537884999845,51.094701944999485
FD001_gossip_s55_n10_a163f5840e62,gossip,55,10,iid,none,ring,1,50,FD001,True,0.02,"[100, 50]",1,22b20344bb16,test_terminal,fixed,0.956989247311828,0.9565217391304348,0.88,0.9166666666666666,0.9782771071288237,0.9923529411764707,0.014705882352941176,322604000,198.39537884999845,51.094701944999485
FD001_gossip_s55_n10_a163f5840e62,gossip,55,10,iid,none,ring,1,50,FD001,True,0.02,"[100, 50]",1,22b20344bb16,test_terminal,val_f1,0.956989247311828,0.9565217391304348,0.88,0.9166666666666666,0.9782771071288237,0.9923529411764707,0.014705882352941176,322604000,198.39537884999845,51.094701944999485
FD001_gossip_s55_n10_a163f5840e62,gossip,55,10,iid,none,ring,1,50,FD001,True,0.02,"[100, 50]",1,22b20344bb16,test_terminal,val_fpr02,0.967741935483871,0.9583333333333334,0.92,0.9387755102040817,0.9782771071288237,0.9923529411764707,0.014705882352941176,322604000,198.39537884999845,51.094701944999485
FD001_gossip_weighted_s11_n10_9e2a9a1be1bc,gossip_weighted,11,10,iid,none,ring,1,50,FD001,True,0.02,"[100, 50]",1,22b20344bb16,test_all,fixed,0.9802543912780133,0.6817204301075269,0.9548192771084337,0.795483061480552,0.9316625543225544,0.9964895553436769,0.018679793007699105,322604000,190.89075502800097,49.079392796000484
FD001_gossip_weighted_s11_n10_9e2a9a1be1bc,gossip_weighted,11,10,iid,none,ring,1,50,FD001,True,0.02,"[100, 50]",1,22b20344bb16,test_all,val_f1,0.9874015748031496,0.8904109589041096,0.7831325301204819,0.8333333333333334,0.9316625543225544,0.9964895553436769,0.004038874163826834,322604000,190.89075502800097,49.079392796000484
FD001_gossip_weighted_s11_n10_9e2a9a1be1bc,gossip_weighted,11,10,iid,none,ring,1,50,FD001,True,0.02,"[100, 50]",1,22b20344bb16,test_all,val_fpr02,0.9874015748031496,0.8904109589041096,0.7831325301204819,0.8333333333333334,0.9316625543225544,0.9964895553436769,0.004038874163826834,322604000,190.89075502800097,49.079392796000484
FD001_gossip_weighted_s11_n10_9e2a9a1be1bc,gossip_weighted,11,10,iid,none,ring,1,50,FD001,True,0.02,"[100, 50]",1,22b20344bb16,test_terminal,fixed,0.967741935483871,0.8928571428571429,1.0,0.9433962264150944,0.9541364636216301,0.9858823529411765,0.04411764705882353,322604000,190.89075502800097,49.079392796000484
FD001_gossip_weighted_s11_n10_9e2a9a1be1bc,gossip_weighted,11,10,iid,none,ring,1,50,FD001,True,0.02,"[100, 50]",1,22b20344bb16,test_terminal,val_f1,0.9354838709677419,0.9130434782608695,0.84,0.875,0.9541364636216301,0.9858823529411765,0.029411764705882353,322604000,190.89075502800097,49.079392796000484
FD001_gossip_weighted_s11_n10_9e2a9a1be1bc,gossip_weighted,11,10,iid,none,ring,1,50,FD001,True,0.02,"[100, 50]",1,22b20344bb16,test_terminal,val_fpr02,0.9354838709677419,0.9130434782608695,0.84,0.875,0.9541364636216301,0.9858823529411765,0.029411764705882353,322604000,190.89075502800097,49.079392796000484
FD001_gossip_weighted_s22_n10_2b23ca5bb832,gossip_weighted,22,10,iid,none,ring,1,50,FD001,True,0.02,"[100, 50]",1,22b20344bb16,test_all,fixed,0.9775893397940641,0.6729411764705883,0.8614457831325302,0.7556142668428005,0.886739297999517,0.9913181693072936,0.017543859649122806,322604000,191.45026200100165,49.64981683099898
FD001_gossip_weighted_s22_n10_2b23ca5bb832,gossip_weighted,22,10,iid,none,ring,1,50,FD001,True,0.02,"[100, 50]",1,22b20344bb16,test_all,val_f1,0.983403997577226,0.9333333333333333,0.6325301204819277,0.7540394973070018,0.886739297999517,0.9913181693072936,0.001893222264293828,322604000,191.45026200100165,49.64981683099898
FD001_gossip_weighted_s22_n10_2b23ca5bb832,gossip_weighted,22,10,iid,none,ring,1,50,FD001,True,0.02,"[100, 50]",1,22b20344bb16,test_all,val_fpr02,0.9825560266505149,0.9519230769230769,0.5963855421686747,0.7333333333333333,0.886739297999517,0.9913181693072936,0.0012621481761958854,322604000,191.45026200100165,49.64981683099898
FD001_gossip_weighted_s22_n10_2b23ca5bb832,gossip_weighted,22,10,iid,none,ring,1,50,FD001,True,0.02,"[100, 50]",1,22b20344bb16,test_terminal,fixed,0.956989247311828,0.8888888888888888,0.96,0.9230769230769231,0.980036274836275,0.9923529411764707,0.04411764705882353,322604000,191.45026200100165,49.64981683099898
FD001_gossip_weighted_s22_n10_2b23ca5bb832,gossip_weighted,22,10,iid,none,ring,1,50,FD001,True,0.02,"[100, 50]",1,22b20344bb16,test_terminal,val_f1,0.9247311827956989,1.0,0.72,0.8372093023255814,0.980036274836275,0.9923529411764707,0.0,322604000,191.45026200100165,49.64981683099898
FD001_gossip_weighted_s22_n10_2b23ca5bb832,gossip_weighted,22,10,iid,none,ring,1,50,FD001,True,0.02,"[100, 50]",1,22b20344bb16,test_terminal,val_fpr02,0.9247311827956989,1.0,0.72,0.8372093023255814,0.980036274836275,0.9923529411764707,0.0,322604000,191.45026200100165,49.64981683099898
FD001_gossip_weighted_s33_n10_6236c27179fb,gossip_weighted,33,10,iid,none,ring,1,50,FD001,True,0.02,"[100, 50]",1,22b20344bb16,test_all,fixed,0.9838885523924894,0.7611548556430446,0.8734939759036144,0.8134642356241234,0.9150188770449509,0.994857126347115,0.011485548403382556,322604000,193.43074472299668,49.13247346500605
FD001_gossip_weighted_s33_n10_6236c27179fb,gossip_weighted,33,10,iid,none,ring,1,50,FD001,True,0.02,"[100, 50]",1,22b20344bb16,test_all,val_f1,0.9854633555420957,0.8251533742331288,0.8102409638554217,0.817629179331307,0.9150188770449509,0.994857126347115,0.007194244604316547,322604000,193.43074472299668,49.13247346500605
FD001_gossip_weighted_s33_n10_6236c27179fb,gossip_weighted,33,10,iid,none,ring,1,50,FD001,True,0.02,"[100, 50]",1,22b20344bb16,test_all,val_fpr02,0.9849788007268322,0.8005780346820809,0.8343373493975904,0.8171091445427728,0.9150188770449509,0.994857126347115,0.00870882241575161,322604000,193.43074472299668,49.13247346500605
FD001_gossip_weighted_s33_n10_6236c27179fb,gossip_weighted,33,10,iid,none,ring,1,50,FD001,True,0.02,"[100, 50]",1,22b20344bb16,test_terminal,fixed,0.967741935483871,0.9230769230769231,0.96,0.9411764705882353,0.9902564102564104,0.9958823529411766,0.029411764705882353,322604000,193.43074472299668,49.13247346500605
FD001_gossip_weighted_s33_n10_6236c27179fb,gossip_weighted,33,10,iid,none,ring,1,50,FD001,True,0.02,"[100, 50]",1,22b20344bb16,test_terminal,val_f1,0.967741935483871,0.9583333333333334,0.92,0.9387755102040817,0.9902564102564104,0.9958823529411766,0.014705882352941176,322604000,193.43074472299668,49.13247346500605
FD001_gossip_weighted_s33_n10_6236c27179fb,gossip_weighted,33,10,iid,none,ring,1,50,FD001,True,0.02,"[100, 50]",1,22b20344bb16,test_terminal,val_fpr02,0.967741935483871,0.9583333333333334,0.92,0.9387755102040817,0.9902564102564104,0.9958823529411766,0.014705882352941176,322604000,193.43074472299668,49.13247346500605
FD001_gossip_weighted_s44_n10_82e2cad0bb72,gossip_weighted,44,10,iid,none,ring,1,50,FD001,True,0.02,"[100, 50]",1,22b20344bb16,test_all,fixed,0.9798909751665658,0.7161458333333334,0.8283132530120482,0.7681564245810056,0.8713313618402093,0.9895891783719505,0.013757415120535152,322604000,191.10926903700602,48.58270245799752
FD001_gossip_weighted_s44_n10_82e2cad0bb72,gossip_weighted,44,10,iid,none,ring,1,50,FD001,True,0.02,"[100, 50]",1,22b20344bb16,test_all,val_f1,0.9838885523924894,0.8395904436860068,0.7409638554216867,0.7872,0.8713313618402093,0.9895891783719505,0.005932096428120662,322604000,191.10926903700602,48.58270245799752
FD001_gossip_weighted_s44_n10_82e2cad0bb72,gossip_weighted,44,10,iid,none,ring,1,50,FD001,True,0.02,"[100, 50]",1,22b20344bb16,test_all,val_fpr02,0.9840096910963053,0.8676470588235294,0.7108433734939759,0.7814569536423841,0.8713313618402093,0.9895891783719505,0.004543733434305188,322604000,191.10926903700602,48.58270245799752
FD001_gossip_weighted_s44_n10_82e2cad0bb72,gossip_weighted,44,10,iid,none,ring,1,50,FD001,True,0.02,"[100, 50]",1,22b20344bb16,test_terminal,fixed,0.9354838709677419,0.9130434782608695,0.84,0.875,0.9727651199375338,0.9894117647058824,0.029411764705882353,322604000,191.10926903700602,48.58270245799752
FD001_gossip_weighted_s44_n10_82e2cad0bb72,gossip_weighted,44,10,iid,none,ring,1,50,FD001,True,0.02,"[100, 50]",1,22b20344bb16,test_terminal,val_f1,0.946236559139785,0.9545454545454546,0.84,0.8936170212765957,0.9727651199375338,0.9894117647058824,0.014705882352941176,322604000,191.10926903700602,48.58270245799752
FD001_gossip_weighted_s44_n10_82e2cad0bb72,gossip_weighted,44,10,iid,none,ring,1,50,FD001,True,0.02,"[100, 50]",1,22b20344bb16,test_terminal,val_fpr02,0.946236559139785,0.9545454545454546,0.84,0.8936170212765957,0.9727651199375338,0.9894117647058824,0.014705882352941176,322604000,191.10926903700602,48.58270245799752
FD001_gossip_weighted_s55_n10_08e85db49ae1,gossip_weighted,55,10,iid,none,ring,1,50,FD001,True,0.02,"[100, 50]",1,22b20344bb16,test_all,fixed,0.9772259236826166,0.6875,0.7951807228915663,0.7374301675977654,0.865262826196191,0.9923583010573153,0.015145778114350625,322604000,198.5076224650029,51.2694089850001
FD001_gossip_weighted_s55_n10_08e85db49ae1,gossip_weighted,55,10,iid,none,ring,1,50,FD001,True,0.02,"[100, 50]",1,22b20344bb16,test_all,val_f1,0.9788007268322229,0.7573770491803279,0.6957831325301205,0.7252747252747253,0.865262826196191,0.9923583010573153,0.009339896503849553,322604000,198.5076224650029,51.2694089850001
FD001_gossip_weighted_s55_n10_08e85db49ae1,gossip_weighted,55,10,iid,none,ring,1,50,FD001,True,0.02,"[100, 50]",1,22b20344bb16,test_all,val_fpr02,0.9781950333131435,0.7303030303030303,0.7259036144578314,0.7280966767371602,0.865262826196191,0.9923583010573153,0.01123311876814338,322604000,198.5076224650029,51.2694089850001
FD001_gossip_weighted_s55_n10_08e85db49ae1,gossip_weighted,55,10,iid,none,ring,1,50,FD001,True,0.02,"[100, 50]",1,22b20344bb16,test_terminal,fixed,0.956989247311828,0.92,0.92,0.92,0.9788043101939576,0.9923529411764705,0.029411764705882353,322604000,198.5076224650029,51.2694089850001
FD001_gossip_weighted_s55_n10_08e85db49ae1,gossip_weighted,55,10,iid,none,ring,1,50,FD001,True,0.02,"[100, 50]",1,22b20344bb16,test_terminal,val_f1,0.956989247311828,0.9565217391304348,0.88,0.9166666666666666,0.9788043101939576,0.9923529411764705,0.014705882352941176,322604000,198.5076224650029,51.2694089850001
FD001_gossip_weighted_s55_n10_08e85db49ae1,gossip_weighted,55,10,iid,none,ring,1,50,FD001,True,0.02,"[100, 50]",1,22b20344bb16,test_terminal,val_fpr02,0.956989247311828,0.9565217391304348,0.88,0.9166666666666666,0.9788043101939576,0.9923529411764705,0.014705882352941176,322604000,198.5076224650029,51.2694089850001
FD001_local_s11_n10_b0e037e56a58,local,11,10,lifetime,none,ring,1,50,FD001,True,0.02,"[100, 50]",1,c3abb1342efd,test_all,fixed,0.9728649303452453,0.6812080536912751,0.6114457831325302,0.6444444444444445,0.7070063672204413,0.9707774680699321,0.011990407673860911,0,178.45283856399874,29.29485705800471
FD001_local_s11_n10_b0e037e56a58,local,11,10,lifetime,none,ring,1,50,FD001,True,0.02,"[100, 50]",1,c3abb1342efd,test_all,val_f1,0.9738340399757722,0.7196969696969697,0.572289156626506,0.6375838926174496,0.7070063672204413,0.9707774680699321,0.009339896503849553,0,178.45283856399874,29.29485705800471
FD001_local_s11_n10_b0e037e56a58,local,11,10,lifetime,none,ring,1,50,FD001,True,0.02,"[100, 50]",1,c3abb1342efd,test_all,val_fpr02,0.9699576014536645,0.7727272727272727,0.35843373493975905,0.4897119341563786,0.7070063672204413,0.9707774680699321,0.004417518616685599,0,178.45283856399874,29.29485705800471
FD001_local_s11_n10_b0e037e56a58,local,11,10,lifetime,none,ring,1,50,FD001,True,0.02,"[100, 50]",1,c3abb1342efd,test_terminal,fixed,0.9139784946236559,0.9047619047619048,0.76,0.8260869565217391,0.9089116359059408,0.9758823529411764,0.029411764705882353,0,178.45283856399874,29.29485705800471
FD001_local_s11_n10_b0e037e56a58,local,11,10,lifetime,none,ring,1,50,FD001,True,0.02,"[100, 50]",1,c3abb1342efd,test_terminal,val_f1,0.9032258064516129,0.9,0.72,0.8,0.9089116359059408,0.9758823529411764,0.029411764705882353,0,178.45283856399874,29.29485705800471
FD001_local_s11_n10_b0e037e56a58,local,11,10,lifetime,none,ring,1,50,FD001,True,0.02,"[100, 50]",1,c3abb1342efd,test_terminal,val_fpr02,0.8602150537634409,0.875,0.56,0.6829268292682927,0.9089116359059408,0.9758823529411764,0.029411764705882353,0,178.45283856399874,29.29485705800471
FD001_local_s11_n10_e6fefb1bfe38,local,11,10,iid,none,ring,1,50,FD001,True,0.02,"[100, 50]",1,22b20344bb16,test_all,fixed,0.9708055723803756,0.6233062330623306,0.6927710843373494,0.6562054208273894,0.5763062402162387,0.9817041737567461,0.017543859649122806,0,205.31794028599992,24.86720045100006
FD001_local_s11_n10_e6fefb1bfe38,local,11,10,iid,none,ring,1,50,FD001,True,0.02,"[100, 50]",1,22b20344bb16,test_all,val_f1,0.9708055723803756,0.6233062330623306,0.6927710843373494,0.6562054208273894,0.5763062402162387,0.9817041737567461,0.017543859649122806,0,205.31794028599992,24.86720045100006
FD001_local_s11_n10_e6fefb1bfe38,local,11,10,iid,none,ring,1,50,FD001,True,0.02,"[100, 50]",1,22b20344bb16,test_all,val_fpr02,0.9723803755299818,0.6688311688311688,0.6204819277108434,0.64375,0.5763062402162387,0.9817041737567461,0.012873911397198031,0,205.31794028599992,24.86720045100006
FD001_local_s11_n10_e6fefb1bfe38,local,11,10,iid,none,ring,1,50,FD001,True,0.02,"[100, 50]",1,22b20344bb16,test_terminal,fixed,0.946236559139785,0.8846153846153846,0.92,0.9019607843137255,0.8439351619828399,0.9694117647058824,0.04411764705882353,0,205.31794028599992,24.86720045100006
FD001_local_s11_n10_e6fefb1bfe38,local,11,10,iid,none,ring,1,50,FD001,True,0.02,"[100, 50]",1,22b20344bb16,test_terminal,val_f1,0.946236559139785,0.8846153846153846,0.92,0.9019607843137255,0.8439351619828399,0.9694117647058824,0.04411764705882353,0,205.31794028599992,24.86720045100006
FD001_local_s11_n10_e6fefb1bfe38,local,11,10,iid,none,ring,1,50,FD001,True,0.02,"[100, 50]",1,22b20344bb16,test_terminal,val_fpr02,0.9139784946236559,0.8695652173913043,0.8,0.8333333333333334,0.8439351619828399,0.9694117647058824,0.04411764705882353,0,205.31794028599992,24.86720045100006
FD001_local_s22_n10_a440e9af642e,local,22,10,iid,none,ring,1,50,FD001,True,0.02,"[100, 50]",1,22b20344bb16,test_all,fixed,0.977831617201696,0.6965699208443272,0.7951807228915663,0.7426160337552743,0.8439431921237288,0.9778751507354675,0.014514704026252682,0,194.00276942399796,23.647091569999702
FD001_local_s22_n10_a440e9af642e,local,22,10,iid,none,ring,1,50,FD001,True,0.02,"[100, 50]",1,22b20344bb16,test_all,val_f1,0.9807389460932768,0.7613293051359517,0.7590361445783133,0.7601809954751131,0.8439431921237288,0.9778751507354675,0.009970970591947495,0,194.00276942399796,23.647091569999702
FD001_local_s22_n10_a440e9af642e,local,22,10,iid,none,ring,1,50,FD001,True,0.02,"[100, 50]",1,22b20344bb16,test_all,val_fpr02,0.9815869170199879,0.8658536585365854,0.641566265060241,0.7370242214532872,0.8439431921237288,0.9778751507354675,0.0041650889814464215,0,194.00276942399796,23.647091569999702
FD001_local_s22_n10_a440e9af642e,local,22,10,iid,none,ring,1,50,FD001,True,0.02,"[100, 50]",1,22b20344bb16,test_terminal,fixed,0.9139784946236559,0.9047619047619048,0.76,0.8260869565217391,0.9310375475909802,0.9658823529411764,0.029411764705882353,0,194.00276942399796,23.647091569999702
FD001_local_s22_n10_a440e9af642e,local,22,10,iid,none,ring,1,50,FD001,True,0.02,"[100, 50]",1,22b20344bb16,test_terminal,val_f1,0.9032258064516129,0.9,0.72,0.8,0.9310375475909802,0.9658823529411764,0.029411764705882353,0,194.00276942399796,23.647091569999702
FD001_local_s22_n10_a440e9af642e,local,22,10,iid,none,ring,1,50,FD001,True,0.02,"[100, 50]",1,22b20344bb16,test_terminal,val_fpr02,0.8817204301075269,0.8888888888888888,0.64,0.7441860465116279,0.9310375475909802,0.9658823529411764,0.029411764705882353,0,194.00276942399796,23.647091569999702
FD001_local_s22_n10_f76869dc6404,local,22,10,lifetime,none,ring,1,50,FD001,True,0.02,"[100, 50]",1,c3abb1342efd,test_all,fixed,0.9687462144155058,0.6027777777777777,0.6536144578313253,0.6271676300578035,0.7067282897645636,0.9632520996519207,0.01804871891960116,0,193.37321085500298,32.241593712000395
FD001_local_s22_n10_f76869dc6404,local,22,10,lifetime,none,ring,1,50,FD001,True,0.02,"[100, 50]",1,c3abb1342efd,test_all,val_f1,0.9751665657177468,0.8009478672985783,0.5090361445783133,0.6224677716390423,0.7067282897645636,0.9632520996519207,0.005301022340022719,0,193.37321085500298,32.241593712000395
FD001_local_s22_n10_f76869dc6404,local,22,10,lifetime,none,ring,1,50,FD001,True,0.02,"[100, 50]",1,c3abb1342efd,test_all,val_fpr02,0.9741974560872199,0.8148148148148148,0.463855421686747,0.5911708253358925,0.7067282897645636,0.9632520996519207,0.004417518616685599,0,193.37321085500298,32.241593712000395
FD001_local_s22_n10_f76869dc6404,local,22,10,lifetime,none,ring,1,50,FD001,True,0.02,"[100, 50]",1,c3abb1342efd,test_terminal,fixed,0.9032258064516129,0.8333333333333334,0.8,0.8163265306122449,0.8867828550305332,0.9464705882352942,0.058823529411764705,0,193.37321085500298,32.241593712000395
FD001_local_s22_n10_f76869dc6404,local,22,10,lifetime,none,ring,1,50,FD001,True,0.02,"[100, 50]",1,c3abb1342efd,test_terminal,val_f1,0.8924731182795699,0.8947368421052632,0.68,0.7727272727272727,0.8867828550305332,0.9464705882352942,0.029411764705882353,0,193.37321085500298,32.241593712000395
FD001_local_s22_n10_f76869dc6404,local,22,10,lifetime,none,ring,1,50,FD001,True,0.02,"[100, 50]",1,c3abb1342efd,test_terminal,val_fpr02,0.8924731182795699,0.8947368421052632,0.68,0.7727272727272727,0.8867828550305332,0.9464705882352942,0.029411764705882353,0,193.37321085500298,32.241593712000395
FD001_local_s33_n10_07a27fce74d9,local,33,10,lifetime,none,ring,1,50,FD001,True,0.02,"[100, 50]",1,c3abb1342efd,test_all,fixed,0.9716535433070866,0.6237373737373737,0.7439759036144579,0.6785714285714286,0.7338943180705243,0.9656131150881451,0.01880600782531869,0,183.49629601897686,29.499983389985573
FD001_local_s33_n10_07a27fce74d9,local,33,10,lifetime,none,ring,1,50,FD001,True,0.02,"[100, 50]",1,c3abb1342efd,test_all,val_f1,0.9704421562689279,0.6078431372549019,0.7469879518072289,0.6702702702702703,0.7338943180705243,0.9656131150881451,0.020194370819134166,0,183.49629601897686,29.499983389985573
FD001_local_s33_n10_07a27fce74d9,local,33,10,lifetime,none,ring,1,50,FD001,True,0.02,"[100, 50]",1,c3abb1342efd,test_all,val_fpr02,0.9743185947910358,0.6910828025477707,0.6536144578313253,0.6718266253869969,0.7338943180705243,0.9656131150881451,0.012242837309100089,0,183.49629601897686,29.499983389985573
FD001_local_s33_n10_07a27fce74d9,local,33,10,lifetime,none,ring,1,50,FD001,True,0.02,"[100, 50]",1,c3abb1342efd,test_terminal,fixed,0.946236559139785,0.9545454545454546,0.84,0.8936170212765957,0.9519503240854077,0.98,0.014705882352941176,0,183.49629601897686,29.499983389985573
FD001_local_s33_n10_07a27fce74d9,local,33,10,lifetime,none,ring,1,50,FD001,True,0.02,"[100, 50]",1,c3abb1342efd,test_terminal,val_f1,0.946236559139785,0.9545454545454546,0.84,0.8936170212765957,0.9519503240854077,0.98,0.014705882352941176,0,183.49629601897686,29.499983389985573
FD001_local_s33_n10_07a27fce74d9,local,33,10,lifetime,none,ring,1,50,FD001,True,0.02,"[100, 50]",1,c3abb1342efd,test_terminal,val_fpr02,0.9032258064516129,0.9444444444444444,0.68,0.7906976744186046,0.9519503240854077,0.98,0.014705882352941176,0,183.49629601897686,29.499983389985573
FD001_local_s33_n10_41ab19c755ca,local,33,10,iid,none,ring,1,50,FD001,True,0.02,"[100, 50]",1,22b20344bb16,test_all,fixed,0.9691096305269533,0.6206896551724138,0.5963855421686747,0.6082949308755761,0.6292437014080482,0.9770463907884471,0.015271992931970213,0,188.20775824700058,21.978452465000373
FD001_local_s33_n10_41ab19c755ca,local,33,10,iid,none,ring,1,50,FD001,True,0.02,"[100, 50]",1,22b20344bb16,test_all,val_f1,0.9693519079345851,0.6036745406824147,0.6927710843373494,0.6451612903225806,0.6292437014080482,0.9770463907884471,0.01905843746055787,0,188.20775824700058,21.978452465000373
FD001_local_s33_n10_41ab19c755ca,local,33,10,iid,none,ring,1,50,FD001,True,0.02,"[100, 50]",1,22b20344bb16,test_all,val_fpr02,0.9686250757116899,0.6196721311475409,0.5692771084337349,0.5934065934065934,0.6292437014080482,0.9770463907884471,0.01464091884387227,0,188.20775824700058,21.978452465000373
FD001_local_s33_n10_41ab19c755ca,local,33,10,iid,none,ring,1,50,FD001,True,0.02,"[100, 50]",1,22b20344bb16,test_terminal,fixed,0.8709677419354839,0.8421052631578947,0.64,0.7272727272727273,0.8637254277158707,0.9605882352941177,0.04411764705882353,0,188.20775824700058,21.978452465000373
FD001_local_s33_n10_41ab19c755ca,local,33,10,iid,none,ring,1,50,FD001,True,0.02,"[100, 50]",1,22b20344bb16,test_terminal,val_f1,0.9247311827956989,0.875,0.84,0.8571428571428571,0.8637254277158707,0.9605882352941177,0.04411764705882353,0,188.20775824700058,21.978452465000373
FD001_local_s33_n10_41ab19c755ca,local,33,10,iid,none,ring,1,50,FD001,True,0.02,"[100, 50]",1,22b20344bb16,test_terminal,val_fpr02,0.8602150537634409,0.8333333333333334,0.6,0.6976744186046512,0.8637254277158707,0.9605882352941177,0.04411764705882353,0,188.20775824700058,21.978452465000373
FD001_local_s44_n10_ea60584ac8e9,local,44,10,iid,none,ring,1,50,FD001,True,0.02,"[100, 50]",1,22b20344bb16,test_all,fixed,0.9789218655360388,0.7337278106508875,0.7469879518072289,0.7402985074626866,0.838917493305128,0.9864976756704972,0.011359333585762969,0,169.78525741900285,19.64907941600177
FD001_local_s44_n10_ea60584ac8e9,local,44,10,iid,none,ring,1,50,FD001,True,0.02,"[100, 50]",1,22b20344bb16,test_all,val_f1,0.9809812235009086,0.7906976744186046,0.7168674698795181,0.7519747235387045,0.838917493305128,0.9864976756704972,0.007951533510034078,0,169.78525741900285,19.64907941600177
FD001_local_s44_n10_ea60584ac8e9,local,44,10,iid,none,ring,1,50,FD001,True,0.02,"[100, 50]",1,22b20344bb16,test_all,val_fpr02,0.9809812235009086,0.7906976744186046,0.7168674698795181,0.7519747235387045,0.838917493305128,0.9864976756704972,0.007951533510034078,0,169.78525741900285,19.64907941600177
FD001_local_s44_n10_ea60584ac8e9,local,44,10,iid,none,ring,1,50,FD001,True,0.02,"[100, 50]",1,22b20344bb16,test_terminal,fixed,0.9354838709677419,0.9523809523809523,0.8,0.8695652173913043,0.9666597089861467,0.9858823529411765,0.014705882352941176,0,169.78525741900285,19.64907941600177
FD001_local_s44_n10_ea60584ac8e9,local,44,10,iid,none,ring,1,50,FD001,True,0.02,"[100, 50]",1,22b20344bb16,test_terminal,val_f1,0.9354838709677419,0.9523809523809523,0.8,0.8695652173913043,0.9666597089861467,0.9858823529411765,0.014705882352941176,0,169.78525741900285,19.64907941600177
FD001_local_s44_n10_ea60584ac8e9,local,44,10,iid,none,ring,1,50,FD001,True,0.02,"[100, 50]",1,22b20344bb16,test_terminal,val_fpr02,0.9354838709677419,0.9523809523809523,0.8,0.8695652173913043,0.9666597089861467,0.9858823529411765,0.014705882352941176,0,169.78525741900285,19.64907941600177
FD001_local_s55_n10_b703de731565,local,55,10,iid,none,ring,1,50,FD001,True,0.02,"[100, 50]",1,22b20344bb16,test_all,fixed,0.977831617201696,0.7491638795986622,0.6746987951807228,0.7099841521394612,0.8103996339310192,0.9851382052252934,0.00946611132146914,0,193.53863472900412,24.77559803800159
FD001_local_s55_n10_b703de731565,local,55,10,iid,none,ring,1,50,FD001,True,0.02,"[100, 50]",1,22b20344bb16,test_all,val_f1,0.976862507571169,0.7129909365558912,0.7108433734939759,0.7119155354449472,0.8103996339310192,0.9851382052252934,0.011990407673860911,0,193.53863472900412,24.77559803800159
FD001_local_s55_n10_b703de731565,local,55,10,iid,none,ring,1,50,FD001,True,0.02,"[100, 50]",1,22b20344bb16,test_all,val_fpr02,0.9792852816474864,0.7992565055762082,0.6475903614457831,0.7154742096505824,0.8103996339310192,0.9851382052252934,0.006815600151457781,0,193.53863472900412,24.77559803800159
FD001_local_s55_n10_b703de731565,local,55,10,iid,none,ring,1,50,FD001,True,0.02,"[100, 50]",1,22b20344bb16,test_terminal,fixed,0.9247311827956989,0.875,0.84,0.8571428571428571,0.9571602602866981,0.9823529411764707,0.04411764705882353,0,193.53863472900412,24.77559803800159
FD001_local_s55_n10_b703de731565,local,55,10,iid,none,ring,1,50,FD001,True,0.02,"[100, 50]",1,22b20344bb16,test_terminal,val_f1,0.9247311827956989,0.875,0.84,0.8571428571428571,0.9571602602866981,0.9823529411764707,0.04411764705882353,0,193.53863472900412,24.77559803800159
FD001_local_s55_n10_b703de731565,local,55,10,iid,none,ring,1,50,FD001,True,0.02,"[100, 50]",1,22b20344bb16,test_terminal,val_fpr02,0.9247311827956989,0.875,0.84,0.8571428571428571,0.9571602602866981,0.9823529411764707,0.04411764705882353,0,193.53863472900412,24.77559803800159
