dataset,nodes,partition,scenario,topology,period,epochs,use_cycle,event_threshold,hidden,stride,protocol_id,split,policy,method,runs,accuracy_mean,accuracy_sd,accuracy_ci_low,accuracy_ci_high,precision_mean,precision_sd,precision_ci_low,precision_ci_high,recall_mean,recall_sd,recall_ci_low,recall_ci_high,f1_mean,f1_sd,f1_ci_low,f1_ci_high,average_precision_mean,average_precision_sd,average_precision_ci_low,average_precision_ci_high,bytes_total_mean,bytes_total_sd,bytes_total_ci_low,bytes_total_ci_high,training_wall_s_mean,training_wall_s_sd,training_wall_s_ci_low,training_wall_s_ci_high,modeled_parallel_s_mean,modeled_parallel_s_sd,modeled_parallel_s_ci_low,modeled_parallel_s_ci_high
FD001,5,iid,none,ring,1,50,True,0.02,"[100, 50]",1,ab89e2e3e236,test_all,fixed,fedavg,3,0.9883706844336766,0.0013758711921987078,0.9849528309186248,0.9917885379487283,0.9309490727674973,0.06856098575393983,0.7606341425013582,1.1012640030336365,0.7740963855421686,0.05578391318509682,0.6355214630900632,0.9126713079942741,0.8425096429742545,0.017494922677507616,0.7990498457869017,0.8859694401616072,0.9456005364873515,0.011739814113401938,0.9164372215193111,0.974763851455392,161302000.0,0.0,161302000.0,161302000.0,194.80767032466005,2.6553918907860568,188.21131118928238,201.40402946003772,174.14061577699795,1.8796102220376467,169.47140514104282,178.80982641295307
FD001,5,iid,none,ring,1,50,True,0.02,"[100, 50]",1,ab89e2e3e236,test_all,fixed,gossip,3,0.9870785382596406,0.0005043406419057906,0.9858256866515142,0.9883313898677671,0.9452705987981028,0.0539258285551928,0.8113114144467656,1.0792297831494402,0.7248995983935743,0.06153234315680546,0.5720447842653915,0.8777544125217571,0.8178668215253581,0.017528931233590915,0.7743225424013166,0.8614111006493995,0.9413382428024449,0.01271306927871121,0.9097572279751038,0.972919257629786,161302000.0,0.0,161302000.0,161302000.0,193.39082650399482,4.0223236350119045,183.39882067339707,203.38283233459256,70.56347041433331,1.933716379649132,65.75985263181758,75.36708819684904
FD001,5,iid,none,ring,1,50,True,0.02,"[100, 50]",1,ab89e2e3e236,test_all,val_f1,fedavg,3,0.9878053704825357,0.0024358620846930213,0.981754353617327,0.9938563873477444,0.8458577307466196,0.05828057219622233,0.701080763491596,0.9906346980016433,0.857429718875502,0.024346095688719132,0.7969506644412727,0.9179087733097313,0.8503817163539725,0.023089355776411576,0.7930245769297682,0.9077388557781768,0.9456005364873515,0.011739814113401938,0.9164372215193111,0.974763851455392,161302000.0,0.0,161302000.0,161302000.0,194.80767032466005,2.6553918907860568,188.21131118928238,201.40402946003772,174.14061577699795,1.8796102220376467,169.47140514104282,178.80982641295307
FD001,5,iid,none,ring,1,50,True,0.02,"[100, 50]",1,ab89e2e3e236,test_all,val_f1,gossip,3,0.9877649909145972,0.0014282042547004079,0.9842171348654137,0.9913128469637807,0.880560616932554,0.08559008398443924,0.6679430615549306,1.0931781723101774,0.8192771084337349,0.08087784085600934,0.6183654139183805,1.0201888029490893,0.843399652640621,0.00995315867595229,0.8186746358226529,0.8681246694585891,0.9413382428024449,0.01271306927871121,0.9097572279751038,0.972919257629786,161302000.0,0.0,161302000.0,161302000.0,193.39082650399482,4.0223236350119045,183.39882067339707,203.38283233459256,70.56347041433331,1.933716379649132,65.75985263181758,75.36708819684904
FD001,5,iid,none,ring,1,50,True,0.02,"[100, 50]",1,ab89e2e3e236,test_all,val_fpr02,fedavg,3,0.9874419543710883,0.0024835896328983262,0.9812723757034933,0.9936115330386832,0.8264526153453694,0.056142028721484896,0.6869880845841586,0.9659171461065802,0.8755020080321284,0.012540156623289925,0.8443505320529582,0.9066534840112986,0.8493207828932103,0.023723569725470364,0.790388168680831,0.9082533971055897,0.9456005364873515,0.011739814113401938,0.9164372215193111,0.974763851455392,161302000.0,0.0,161302000.0,161302000.0,194.80767032466005,2.6553918907860568,188.21131118928238,201.40402946003772,174.14061577699795,1.8796102220376467,169.47140514104282,178.80982641295307
FD001,5,iid,none,ring,1,50,True,0.02,"[100, 50]",1,ab89e2e3e236,test_all,val_fpr02,gossip,3,0.9881687865939833,0.0002521703209529265,0.98754236078992,0.9887952123980467,0.8678957838639056,0.04709227796784537,0.7509120802317517,0.9848794874960596,0.8373493975903615,0.055211755360913745,0.7001957939663822,0.9745030012143409,0.8503096686157828,0.0076692377589784085,0.831258225878325,0.8693611113532407,0.9413382428024449,0.01271306927871121,0.9097572279751038,0.972919257629786,161302000.0,0.0,161302000.0,161302000.0,193.39082650399482,4.0223236350119045,183.39882067339707,203.38283233459256,70.56347041433331,1.933716379649132,65.75985263181758,75.36708819684904
FD001,5,iid,none,ring,1,50,True,0.02,"[100, 50]",1,ab89e2e3e236,test_terminal,fixed,fedavg,3,0.967741935483871,0.010752688172043001,0.9410307772930072,0.9944530936747348,0.9721739130434782,0.024160772155564877,0.9121552277868322,1.0321925983001243,0.9066666666666666,0.046188021535170036,0.7919292605400143,1.021404072793319,0.937612293144208,0.021702629824688204,0.8836999719525426,0.9915246143358735,0.9915942319623481,0.005077394826804726,0.9789812839956364,1.0042071799290597,161302000.0,0.0,161302000.0,161302000.0,194.80767032466005,2.6553918907860568,188.21131118928238,201.40402946003772,174.14061577699795,1.8796102220376467,169.47140514104282,178.80982641295307
FD001,5,iid,none,ring,1,50,True,0.02,"[100, 50]",1,ab89e2e3e236,test_terminal,fixed,gossip,3,0.949820788530466,0.01241613482128233,0.9189773997867422,0.9806641772741899,0.9696342305037957,0.026378902489463632,0.9041054040351344,1.035163056972457,0.84,0.03999999999999998,0.7406344915299868,0.9393655084700131,0.8997584541062801,0.02621079035532693,0.8346472413298306,0.9648696668827296,0.9886634478281131,0.008745164433453405,0.9669392550635137,1.0103876405927124,161302000.0,0.0,161302000.0,161302000.0,193.39082650399482,4.0223236350119045,183.39882067339707,203.38283233459256,70.56347041433331,1.933716379649132,65.75985263181758,75.36708819684904
FD001,5,iid,none,ring,1,50,True,0.02,"[100, 50]",1,ab89e2e3e236,test_terminal,val_f1,fedavg,3,0.971326164874552,0.016425002490881132,0.9305241967713611,1.012128132977743,0.9373219373219372,0.056908787337430725,0.7959526725670459,1.0786912020768287,0.96,0.0,0.96,0.96,0.947948410133284,0.02885962994110747,0.8762571150494199,1.019639705217148,0.9915942319623481,0.005077394826804726,0.9789812839956364,1.0042071799290597,161302000.0,0.0,161302000.0,161302000.0,194.80767032466005,2.6553918907860568,188.21131118928238,201.40402946003772,174.14061577699795,1.8796102220376467,169.47140514104282,178.80982641295307
FD001,5,iid,none,ring,1,50,True,0.02,"[100, 50]",1,ab89e2e3e236,test_terminal,val_f1,gossip,3,0.960573476702509,0.016425002490881132,0.9197715085993181,1.0013754448057,0.9344781144781145,0.039575511795779776,0.8361670931643979,1.032789135791831,0.9199999999999999,0.06928203230275509,0.7478938908100214,1.0921061091899784,0.9255646481178396,0.03326133713423722,0.8429389061994392,1.00819039003624,0.9886634478281131,0.008745164433453405,0.9669392550635137,1.0103876405927124,161302000.0,0.0,161302000.0,161302000.0,193.39082650399482,4.0223236350119045,183.39882067339707,203.38283233459256,70.56347041433331,1.933716379649132,65.75985263181758,75.36708819684904
FD001,5,iid,none,ring,1,50,True,0.02,"[100, 50]",1,ab89e2e3e236,test_terminal,val_fpr02,fedavg,3,0.96415770609319,0.0062080674106411325,0.9487360117213282,0.9795794004650518,0.9116809116809117,0.019738470741525724,0.8626478321396072,0.9607139912222162,0.96,0.0,0.96,0.96,0.9351432880844645,0.010449778627866493,0.9091845989155387,0.9611019772533902,0.9915942319623481,0.005077394826804726,0.9789812839956364,1.0042071799290597,161302000.0,0.0,161302000.0,161302000.0,194.80767032466005,2.6553918907860568,188.21131118928238,201.40402946003772,174.14061577699795,1.8796102220376467,169.47140514104282,178.80982641295307
FD001,5,iid,none,ring,1,50,True,0.02,"[100, 50]",1,ab89e2e3e236,test_terminal,val_fpr02,gossip,3,0.971326164874552,0.006208067410641132,0.9559044705026902,0.9867478592464138,0.9471367521367521,0.020853080713304432,0.8953348279306591,0.9989386763428451,0.9466666666666667,0.023094010767584987,0.8892979636033406,1.0040353697299926,0.9466506602641056,0.011623029133139697,0.9177774552697006,0.9755238652585106,0.9886634478281131,0.008745164433453405,0.9669392550635137,1.0103876405927124,161302000.0,0.0,161302000.0,161302000.0,193.39082650399482,4.0223236350119045,183.39882067339707,203.38283233459256,70.56347041433331,1.933716379649132,65.75985263181758,75.36708819684904
FD001,10,iid,node_failure,ring,1,50,True,0.02,"[100, 50]",1,77f2bb654cec,test_all,fixed,fedavg,3,0.9857056329497275,0.0007268322228952129,0.9839000816147181,0.9875111842847368,0.8634975770590011,0.030506992230318813,0.7877140071875918,0.9392811469304104,0.7670682730923696,0.023004898067047388,0.7099209382490449,0.8242156079356943,0.8119114210647392,0.0075821790706961266,0.7930762440979789,0.8307465980314995,0.9135874885145249,0.012500923891449444,0.8825334720440546,0.9446415049849951,306473800.0,0.0,306473800.0,306473800.0,182.77103445933548,2.472445462420763,176.62913944589008,188.9129294727809,268.91251860132724,0.8573306251577716,266.7827912639343,271.04224593872016
FD001,10,iid,node_failure,ring,1,50,True,0.02,"[100, 50]",1,77f2bb654cec,test_all,fixed,gossip,3,0.984898041590955,0.0027258451575591083,0.9781266668386703,0.9916694163432396,0.8404297454874728,0.011350789363766175,0.8122328215708068,0.8686266694041389,0.7710843373493977,0.08281763304137062,0.5653539319134289,0.9768147427853666,0.8026815660922672,0.04445316006403678,0.6922537947707197,0.9131093374138146,0.8987059861747495,0.0383254153500694,0.8035003765851472,0.9939115957643518,290343600.0,0.0,290343600.0,290343600.0,185.90858239867217,2.5724815941009784,179.5181838579823,192.29898093936202,49.62793644300164,0.8768164575566644,47.449803614501796,51.80606927150148
FD001,10,iid,node_failure,ring,1,50,True,0.02,"[100, 50]",1,77f2bb654cec,test_all,val_f1,fedavg,3,0.9855037351100343,0.0007301894334756737,0.9836898440016157,0.9873176262184529,0.8681772052130668,0.02665576528015539,0.8019606134450677,0.934393796981066,0.7560240963855421,0.04976720374053707,0.6323955087653119,0.8796526840057723,0.8070243554797515,0.01711022453755538,0.7645202014494943,0.8495285095100087,0.9135874885145249,0.012500923891449444,0.8825334720440546,0.9446415049849951,306473800.0,0.0,306473800.0,306473800.0,182.77103445933548,2.472445462420763,176.62913944589008,188.9129294727809,268.91251860132724,0.8573306251577716,266.7827912639343,271.04224593872016
FD001,10,iid,node_failure,ring,1,50,True,0.02,"[100, 50]",1,77f2bb654cec,test_all,val_f1,gossip,3,0.9846153846153847,0.0031332567308001366,0.9768319434098085,0.9923988258209608,0.829256829530559,0.04521319653313142,0.716941022953828,0.94157263610729,0.7791164658634537,0.053571572578128904,0.6460373021443538,0.9121956295825536,0.8026633338498751,0.04058372644981764,0.7018477684925237,0.9034788992072265,0.8987059861747495,0.0383254153500694,0.8035003765851472,0.9939115957643518,290343600.0,0.0,290343600.0,290343600.0,185.90858239867217,2.5724815941009784,179.5181838579823,192.29898093936202,49.62793644300164,0.8768164575566644,47.449803614501796,51.80606927150148
FD001,10,iid,node_failure,ring,1,50,True,0.02,"[100, 50]",1,77f2bb654cec,test_all,val_fpr02,fedavg,3,0.9852614577024026,0.0007693340958311537,0.9833503258620131,0.9871725895427921,0.8380940475432622,0.028592178098879182,0.7670671396667545,0.9091209554197699,0.7881526104417671,0.06086523922179793,0.6369549743561935,0.9393502465273407,0.8106790921780919,0.019899179311088804,0.7612467904185343,0.8601113939376495,0.9135874885145249,0.012500923891449444,0.8825334720440546,0.9446415049849951,306473800.0,0.0,306473800.0,306473800.0,182.77103445933548,2.472445462420763,176.62913944589008,188.9129294727809,268.91251860132724,0.8573306251577716,266.7827912639343,271.04224593872016
FD001,10,iid,node_failure,ring,1,50,True,0.02,"[100, 50]",1,77f2bb654cec,test_all,val_fpr02,gossip,3,0.9844538663436301,0.003150382733662727,0.9766278817884914,0.9922798508987688,0.8343099620285432,0.06177756791916499,0.6808459758203281,0.9877739482367583,0.7700803212851405,0.04111565307117123,0.6679433769478007,0.8722172656224803,0.7997151164483979,0.03622659163281597,0.7097232740051408,0.889706958891655,0.8987059861747495,0.0383254153500694,0.8035003765851472,0.9939115957643518,290343600.0,0.0,290343600.0,290343600.0,185.90858239867217,2.5724815941009784,179.5181838579823,192.29898093936202,49.62793644300164,0.8768164575566644,47.449803614501796,51.80606927150148
FD001,10,iid,node_failure,ring,1,50,True,0.02,"[100, 50]",1,77f2bb654cec,test_terminal,fixed,fedavg,3,0.953405017921147,0.01642500249088119,0.9126030498179559,0.994206986024338,0.9443478260869566,0.04832154431112976,0.8243104555736644,1.0643851966002487,0.88,0.040000000000000036,0.7806344915299868,0.9793655084700132,0.9103900709219858,0.03169718891513053,0.8316498885814355,0.989130253262536,0.9841583694137422,0.01177175148285085,0.9549157176218396,1.0134010212056448,306473800.0,0.0,306473800.0,306473800.0,182.77103445933548,2.472445462420763,176.62913944589008,188.9129294727809,268.91251860132724,0.8573306251577716,266.7827912639343,271.04224593872016
FD001,10,iid,node_failure,ring,1,50,True,0.02,"[100, 50]",1,77f2bb654cec,test_terminal,fixed,gossip,3,0.939068100358423,0.01642500249088119,0.898266132255232,0.9798700684616141,0.9407936507936508,0.01804713740614587,0.8959620761739039,0.9856252254133978,0.8266666666666668,0.08326663997864532,0.6198208661649762,1.0335124671683573,0.8780032206119163,0.038478051114764836,0.7824184427630722,0.9735879984607604,0.9728063501765482,0.0048233329793742515,0.9608245268261555,0.9847881735269408,290343600.0,0.0,290343600.0,290343600.0,185.90858239867217,2.5724815941009784,179.5181838579823,192.29898093936202,49.62793644300164,0.8768164575566644,47.449803614501796,51.80606927150148
FD001,10,iid,node_failure,ring,1,50,True,0.02,"[100, 50]",1,77f2bb654cec,test_terminal,val_f1,fedavg,3,0.946236559139785,0.010752688172043057,0.9195254009489211,0.9729477173306489,0.9423088023088023,0.01935027810510614,0.8942400467350514,0.9903775578825532,0.8533333333333334,0.06110100926607787,0.701550011989463,1.0051166546772037,0.8943940795559667,0.025226368919718772,0.8317283051919668,0.9570598539199666,0.9841583694137422,0.01177175148285085,0.9549157176218396,1.0134010212056448,306473800.0,0.0,306473800.0,306473800.0,182.77103445933548,2.472445462420763,176.62913944589008,188.9129294727809,268.91251860132724,0.8573306251577716,266.7827912639343,271.04224593872016
FD001,10,iid,node_failure,ring,1,50,True,0.02,"[100, 50]",1,77f2bb654cec,test_terminal,val_f1,gossip,3,0.9318996415770608,0.0062080674106411325,0.9164779472051989,0.9473213359489228,0.9253623188405796,0.02133685777439922,0.8723586257929413,0.9783660118882179,0.8133333333333334,0.046188021535170036,0.6985959272066811,0.9280707394599856,0.8648148148148148,0.017641258225238567,0.8209914999747739,0.9086381296548557,0.9728063501765482,0.0048233329793742515,0.9608245268261555,0.9847881735269408,290343600.0,0.0,290343600.0,290343600.0,185.90858239867217,2.5724815941009784,179.5181838579823,192.29898093936202,49.62793644300164,0.8768164575566644,47.449803614501796,51.80606927150148
FD001,10,iid,node_failure,ring,1,50,True,0.02,"[100, 50]",1,77f2bb654cec,test_terminal,val_fpr02,fedavg,3,0.949820788530466,0.01241613482128233,0.9189773997867422,0.9806641772741899,0.9307936507936508,0.01869515157375926,0.8843523197423869,0.9772349818449148,0.88,0.06928203230275509,0.7078938908100215,1.0521061091899786,0.9031884057971015,0.02911853531565073,0.8308539541085597,0.9755228574856433,0.9841583694137422,0.01177175148285085,0.9549157176218396,1.0134010212056448,306473800.0,0.0,306473800.0,306473800.0,182.77103445933548,2.472445462420763,176.62913944589008,188.9129294727809,268.91251860132724,0.8573306251577716,266.7827912639343,271.04224593872016
FD001,10,iid,node_failure,ring,1,50,True,0.02,"[100, 50]",1,77f2bb654cec,test_terminal,val_fpr02,gossip,3,0.9318996415770608,0.0062080674106411325,0.9164779472051989,0.9473213359489228,0.9253623188405796,0.02133685777439922,0.8723586257929413,0.9783660118882179,0.8133333333333334,0.046188021535170036,0.6985959272066811,0.9280707394599856,0.8648148148148148,0.017641258225238567,0.8209914999747739,0.9086381296548557,0.9728063501765482,0.0048233329793742515,0.9608245268261555,0.9847881735269408,290343600.0,0.0,290343600.0,290343600.0,185.90858239867217,2.5724815941009784,179.5181838579823,192.29898093936202,49.62793644300164,0.8768164575566644,47.449803614501796,51.80606927150148
FD001,10,iid,none,ring,1,50,False,0.02,"[100, 50]",1,451d41a53b0b,test_all,fixed,fedavg,3,0.9852614577024026,0.000667179957272693,0.9836040908100175,0.9869188245947876,0.8695771751088152,0.018098008415483424,0.824619229896338,0.9145351203212924,0.7459839357429718,0.027986666395113168,0.6764612023246955,0.8155066691612481,0.8026643873463186,0.011901378617887497,0.7730997238998053,0.8322290507928319,0.9059604690155315,0.0071015602761611025,0.8883192153212516,0.9236017227098114,322604000.0,0.0,322604000.0,322604000.0,197.70415383299527,4.927697444046863,185.46307478014276,209.9452328858478,283.09598705999383,0.39266134641070144,282.12056220142836,284.0714119185593
FD001,10,iid,none,ring,1,50,False,0.02,"[100, 50]",1,451d41a53b0b,test_all,fixed,gossip,3,0.9831213406016556,0.0027096465285374803,0.9763902054746022,0.9898524757287089,0.8185694306314546,0.07605626326843866,0.6296351988315148,1.0075036624313944,0.7540160642570282,0.03593479953448452,0.664749073569227,0.8432830549448294,0.7829117818223955,0.026613723752822064,0.7167996269979047,0.8490239366468864,0.8852943251255189,0.03775423600223976,0.7915076036940331,0.9790810465570047,322604000.0,0.0,322604000.0,322604000.0,195.9510994500009,2.9728172364846652,188.56621204270795,203.33598685729385,49.8216482449976,0.9386129019681796,47.49000453848303,52.153291951512166
FD001,10,iid,none,ring,1,50,False,0.02,"[100, 50]",1,451d41a53b0b,test_all,val_f1,fedavg,3,0.9849788007268323,0.0009461235222176475,0.9826284996053174,0.9873291018483472,0.8702988821872064,0.04290513865414328,0.7637166092285723,0.9768811551458405,0.7409638554216867,0.07310036806934701,0.5593724743577921,0.9225552364855814,0.7975071301059864,0.027091253087875987,0.7302087266518211,0.8648055335601517,0.9059604690155315,0.0071015602761611025,0.8883192153212516,0.9236017227098114,322604000.0,0.0,322604000.0,322604000.0,197.70415383299527,4.927697444046863,185.46307478014276,209.9452328858478,283.09598705999383,0.39266134641070144,282.12056220142836,284.0714119185593
FD001,10,iid,none,ring,1,50,False,0.02,"[100, 50]",1,451d41a53b0b,test_all,val_f1,gossip,3,0.9827579244902079,0.002368666969684983,0.9768738295442361,0.9886420194361798,0.822868561690146,0.059840763774499296,0.6742158636979693,0.9715212596823227,0.7409638554216867,0.134938414365073,0.4057582515336164,1.076169459309757,0.7713688379162917,0.05774439580161546,0.6279238066632613,0.9148138691693222,0.8852943251255189,0.03775423600223976,0.7915076036940331,0.9790810465570047,322604000.0,0.0,322604000.0,322604000.0,195.9510994500009,2.9728172364846652,188.56621204270795,203.33598685729385,49.8216482449976,0.9386129019681796,47.49000453848303,52.153291951512166
FD001,10,iid,none,ring,1,50,False,0.02,"[100, 50]",1,451d41a53b0b,test_all,val_fpr02,fedavg,3,0.9847365233192004,0.0007565109628586727,0.9828572459070106,0.9866158007313901,0.8521567767229362,0.06145128940455043,0.6995033112774091,1.0048102421684635,0.7600401606425703,0.08440903436539642,0.5503564951630595,0.9697238261220811,0.7989802407274903,0.023955234450666697,0.7394721394347684,0.8584883420202122,0.9059604690155315,0.0071015602761611025,0.8883192153212516,0.9236017227098114,322604000.0,0.0,322604000.0,322604000.0,197.70415383299527,4.927697444046863,185.46307478014276,209.9452328858478,283.09598705999383,0.39266134641070144,282.12056220142836,284.0714119185593
FD001,10,iid,none,ring,1,50,False,0.02,"[100, 50]",1,451d41a53b0b,test_all,val_fpr02,gossip,3,0.9825156470825762,0.0030939814665036243,0.9748297710421779,0.9902015231229745,0.8584165890955345,0.0632819255633258,0.7012155713314997,1.0156176068595695,0.6897590361445783,0.1514134786452627,0.31362710377457803,1.0658909685145788,0.7541638034619385,0.07452117958384394,0.5690429309335929,0.939284675990284,0.8852943251255189,0.03775423600223976,0.7915076036940331,0.9790810465570047,322604000.0,0.0,322604000.0,322604000.0,195.9510994500009,2.9728172364846652,188.56621204270795,203.33598685729385,49.8216482449976,0.9386129019681796,47.49000453848303,52.153291951512166
FD001,10,iid,none,ring,1,50,False,0.02,"[100, 50]",1,451d41a53b0b,test_terminal,fixed,fedavg,3,0.946236559139785,0.0,0.946236559139785,0.946236559139785,0.9419191919191919,0.021869328378394958,0.8875927685637693,0.9962456152746145,0.8533333333333334,0.02309401076758505,0.7959646302700072,0.9107020363966596,0.8950644087422202,0.0025069486287000917,0.8888368031122454,0.9012920143721949,0.9803420270336317,0.009941577215895383,0.9556457801573481,1.0050382739099153,322604000.0,0.0,322604000.0,322604000.0,197.70415383299527,4.927697444046863,185.46307478014276,209.9452328858478,283.09598705999383,0.39266134641070144,282.12056220142836,284.0714119185593
FD001,10,iid,none,ring,1,50,False,0.02,"[100, 50]",1,451d41a53b0b,test_terminal,fixed,gossip,3,0.946236559139785,0.010752688172043057,0.9195254009489211,0.9729477173306489,0.9177294685990338,0.03827193881745687,0.8226567020807879,1.0128022351172798,0.88,0.0,0.88,0.88,0.8982086167800453,0.018334605907057353,0.8526629308162437,0.9437543027438469,0.9603797400703099,0.024269350831192003,0.9000913304308467,1.0206681497097732,322604000.0,0.0,322604000.0,322604000.0,195.9510994500009,2.9728172364846652,188.56621204270795,203.33598685729385,49.8216482449976,0.9386129019681796,47.49000453848303,52.153291951512166
FD001,10,iid,none,ring,1,50,False,0.02,"[100, 50]",1,451d41a53b0b,test_terminal,val_f1,fedavg,3,0.946236559139785,0.01862420223192346,0.8999714760241992,0.9925016422553707,0.9421739130434782,0.01947806676921921,0.8937877128300699,0.9905601132568865,0.8533333333333334,0.08326663997864532,0.6464875328316428,1.060179133835024,0.8937037037037037,0.04269231482194386,0.7876501144525954,0.999757292954812,0.9803420270336317,0.009941577215895383,0.9556457801573481,1.0050382739099153,322604000.0,0.0,322604000.0,322604000.0,197.70415383299527,4.927697444046863,185.46307478014276,209.9452328858478,283.09598705999383,0.39266134641070144,282.12056220142836,284.0714119185593
FD001,10,iid,none,ring,1,50,False,0.02,"[100, 50]",1,451d41a53b0b,test_terminal,val_f1,gossip,3,0.942652329749104,0.012416134821282327,0.9118089410053801,0.9734957184928278,0.9174603174603174,0.03625724834354089,0.8273923195258304,1.0075283153948045,0.8666666666666667,0.06110100926607786,0.7148833453227963,1.018449988010537,0.8898550724637682,0.02662252174656243,0.8237210622112392,0.9559890827162971,0.9603797400703099,0.024269350831192003,0.9000913304308467,1.0206681497097732,322604000.0,0.0,322604000.0,322604000.0,195.9510994500009,2.9728172364846652,188.56621204270795,203.33598685729385,49.8216482449976,0.9386129019681796,47.49000453848303,52.153291951512166
FD001,10,iid,none,ring,1,50,False,0.02,"[100, 50]",1,451d41a53b0b,test_terminal,val_fpr02,fedavg,3,0.949820788530466,0.02238350537060362,0.8942170787181836,1.0054244983427485,0.9310256410256411,0.016504138504363122,0.890027088167002,0.9720241938842802,0.88,0.10583005244258362,0.6171035756908629,1.142896424309137,0.9018736383442265,0.050849729208990675,0.7755559083838806,1.0281913683045725,0.9803420270336317,0.009941577215895383,0.9556457801573481,1.0050382739099153,322604000.0,0.0,322604000.0,322604000.0,197.70415383299527,4.927697444046863,185.46307478014276,209.9452328858478,283.09598705999383,0.39266134641070144,282.12056220142836,284.0714119185593
FD001,10,iid,none,ring,1,50,False,0.02,"[100, 50]",1,451d41a53b0b,test_terminal,val_fpr02,gossip,3,0.924731182795699,0.02844893882865155,0.8540601009921674,0.9954022645992305,0.923068783068783,0.02001846799973766,0.8733401517791676,0.9727974143583985,0.7866666666666666,0.12220201853215573,0.4831000239789258,1.0902333093544074,0.8455948769801146,0.06682209268383492,0.6795995965661245,1.0115901573941048,0.9603797400703099,0.024269350831192003,0.9000913304308467,1.0206681497097732,322604000.0,0.0,322604000.0,322604000.0,195.9510994500009,2.9728172364846652,188.56621204270795,203.33598685729385,49.8216482449976,0.9386129019681796,47.49000453848303,52.153291951512166
FD001,10,iid,none,ring,1,50,True,0.02,"[100, 50]",1,22b20344bb16,test_all,fixed,centralized,5,0.9884675953967292,0.0010539763408434464,0.9871589109193454,0.9897762798741131,0.8616593275750292,0.054306214835904455,0.7942292557345675,0.9290893994154908,0.8578313253012049,0.06380283126475467,0.7786096467362895,0.9370530038661202,0.8565759328420594,0.012321306424667403,0.8412770102437132,0.8718748554404055,0.9494411592911811,0.015928335863259115,0.9296635180984744,0.9692188004838879,0.0,0.0,0.0,0.0,190.98308336240038,10.438380350338962,178.0221222818269,203.94404444297385,190.8052282778003,10.424362891287332,177.86167217147752,203.74878438412307
FD001,10,iid,none,ring,1,50,True,0.02,"[100, 50]",1,22b20344bb16,test_all,fixed,event_gossip,5,0.9848818897637794,0.0017646379391525512,0.9826908023648693,0.9870729771626896,0.8543939547645933,0.03870514093366484,0.8063351747218589,0.9024527348073278,0.7566265060240964,0.07113154446373628,0.6683050281268448,0.8449479839213481,0.7998777124392876,0.03083949342419048,0.7615854237316286,0.8381700011469466,0.9062522190215272,0.023057490973113562,0.8776225625913038,0.9348818754517506,321974792.0,912461.9041516199,320841820.9038825,323107763.0961175,188.9519182241999,3.982583722553126,184.00688739607335,193.89694905232642,49.02930484420218,0.9959244866858833,47.79270126415476,50.2659084242496
FD001,10,iid,none,ring,1,50,True,0.02,"[100, 50]",1,22b20344bb16,test_all,fixed,event_gossip_weighted,5,0.980617807389461,0.002366084189536582,0.9776799258345943,0.9835556889443278,0.7196324504390923,0.036100236014922925,0.6748080870527036,0.764456813825481,0.8542168674698795,0.06003730634845444,0.7796707056278733,0.9287630293118856,0.7797600318569131,0.027050691097710033,0.7461721625943555,0.8133479011194708,0.8958863487232144,0.02779289274463733,0.8613769143962596,0.9303957830501691,322232875.2,577091.5790506738,321516321.3626262,322949429.0373738,193.87922135379898,4.6903891359017305,188.05533402618374,199.70310868141422,51.00650452940151,3.325613598246027,46.87720985252254,55.13579920628048
FD001,10,iid,none,ring,1,50,True,0.02,"[100, 50]",1,22b20344bb16,test_all,fixed,fedavg,5,0.9849303452453059,0.0014677292531421978,0.9831079186725687,0.986752771818043,0.8656288914866502,0.07925994628392903,0.7672146696863313,0.9640431132869691,0.7530120481927711,0.0630374986037842,0.6747406556396323,0.83128344074591,0.8005440090886333,0.01472376049026363,0.7822620457696979,0.8188259724075687,0.9086932111033521,0.01246953025107799,0.8932102443160759,0.9241761778906283,322604000.0,0.0,322604000.0,322604000.0,190.31005079420038,10.760473817789682,176.94915785103672,203.67094373736404,281.6702135169988,1.8559113776454315,279.3657951755197,283.9746318584779
FD001,10,iid,none,ring,1,50,True,0.02,"[100, 50]",1,22b20344bb16,test_all,fixed,fedavg_weighted,5,0.9819261053906722,0.0015451715344802924,0.9800075215252587,0.9838446892560856,0.7219004472425342,0.029192017267854396,0.6856537703660968,0.7581471241189717,0.9,0.02931142319446469,0.8636050610833185,0.9363949389166816,0.8004051659444233,0.011392405239116945,0.7862596265060638,0.8145507053827828,0.9111960536102174,0.01720879758050131,0.8898285092021329,0.9325635980183019,322604000.0,0.0,322604000.0,322604000.0,190.67774564700147,10.631652808178929,177.47680511368375,203.8786861803192,282.10444491599964,1.8402064450795526,279.8195268238818,284.38936300811747
FD001,10,iid,none,ring,1,50,True,0.02,"[100, 50]",1,22b20344bb16,test_all,fixed,gossip,5,0.9847607510599635,0.0016507787673999614,0.9827110384954838,0.9868104636244432,0.854037662464229,0.03916792345153692,0.8054042620300547,0.9026710628984033,0.7536144578313253,0.07036211627011786,0.6662483512212927,0.8409805644413579,0.7980005788644884,0.029019257593454403,0.7619684114560948,0.8340327462728819,0.9059619064549557,0.02064321249536881,0.8803299726921862,0.9315938402177252,322604000.0,0.0,322604000.0,322604000.0,195.13744751859912,6.212142926049512,187.42405329562726,202.85084174157097,49.746662583799306,1.3324796672101176,48.09217055268597,51.40115461491264
FD001,10,iid,none,ring,1,50,True,0.02,"[100, 50]",1,22b20344bb16,test_all,fixed,gossip_weighted,5,0.9797698364627498,0.002666427704791661,0.976459029177897,0.9830806437476027,0.7038924591108986,0.035872763760787144,0.6593505398330606,0.7484343783887366,0.8626506024096386,0.05988600241247546,0.7882923092177241,0.9370088956015532,0.7740296312252494,0.03053063475125726,0.7361208412123045,0.8119384212381943,0.8940029834806845,0.02851609744343536,0.8585955719159004,0.9294103950454686,322604000.0,0.0,322604000.0,322604000.0,193.07773065080164,3.1982300478112347,189.10660354246093,197.04885775914235,49.542758907000625,1.0365245502344544,48.255743689720155,50.829774124281094
FD001,10,iid,none,ring,1,50,True,0.02,"[100, 50]",1,22b20344bb16,test_all,fixed,local,5,0.9749000605693519,0.004573206680572371,0.9692216744777402,0.9805784466609635,0.6846914998657243,0.06034635762302194,0.6097616001824887,0.7596213995489599,0.7012048192771083,0.07531325204834696,0.60769106562103,0.7947185729331866,0.6914798090120776,0.058104638210651566,0.6193333716172568,0.7636262464068985,0.7397620521968327,0.12708981833963937,0.581959200226246,0.8975649041674193,0.0,0.0,0.0,0.0,190.1704720210011,12.989284410427691,174.04214520614363,206.29879883585858,22.983484388000697,2.1982252907779323,20.25402718450074,25.712941591500655
FD001,10,iid,none,ring,1,50,True,0.02,"[100, 50]",1,22b20344bb16,test_all,val_f1,centralized,5,0.9894367050272562,0.0014445504722726738,0.987643058712247,0.9912303513422654,0.8986668124881518,0.052945279453994055,0.83292656511529,0.9644070598610137,0.8367469879518072,0.06181673991501351,0.7599913675130093,0.9135026083906052,0.8638426301271849,0.021044885218481836,0.8377119538050655,0.8899733064493043,0.9494411592911811,0.015928335863259115,0.9296635180984744,0.9692188004838879,0.0,0.0,0.0,0.0,190.98308336240038,10.438380350338962,178.0221222818269,203.94404444297385,190.8052282778003,10.424362891287332,177.86167217147752,203.74878438412307
FD001,10,iid,none,ring,1,50,True,0.02,"[100, 50]",1,22b20344bb16,test_all,val_f1,event_gossip,5,0.9846396123561478,0.0033323053423880986,0.9805020087814824,0.9887772159308132,0.8557808757826597,0.08201246707736529,0.7539489480088237,0.9576128035564957,0.7536144578313253,0.05535125173263806,0.6848868012993949,0.8223421143632557,0.7982545580123331,0.038823213025244115,0.7500491721042921,0.8464599439203742,0.9062522190215272,0.023057490973113562,0.8776225625913038,0.9348818754517506,321974792.0,912461.9041516199,320841820.9038825,323107763.0961175,188.9519182241999,3.982583722553126,184.00688739607335,193.89694905232642,49.02930484420218,0.9959244866858833,47.79270126415476,50.2659084242496
FD001,10,iid,none,ring,1,50,True,0.02,"[100, 50]",1,22b20344bb16,test_all,val_f1,event_gossip_weighted,5,0.9836947304663839,0.0030915299734360843,0.9798560889990005,0.9875333719337673,0.8337583950771605,0.05338761662680738,0.7674689135617492,0.9000478765925719,0.7451807228915662,0.04352383582696011,0.6911387428814987,0.7992227029016338,0.786215035060104,0.039257059973379825,0.7374709570158323,0.8349591131043758,0.8958863487232144,0.02779289274463733,0.8613769143962596,0.9303957830501691,322232875.2,577091.5790506738,321516321.3626262,322949429.0373738,193.87922135379898,4.6903891359017305,188.05533402618374,199.70310868141422,51.00650452940151,3.325613598246027,46.87720985252254,55.13579920628048
FD001,10,iid,none,ring,1,50,True,0.02,"[100, 50]",1,22b20344bb16,test_all,val_f1,fedavg,5,0.9851241671714114,0.0008710201338460462,0.9840426528295041,0.9862056815133187,0.8598146300584555,0.039588607099360774,0.8106588818841453,0.9089703782327657,0.7572289156626506,0.05709400712497153,0.6863373425023842,0.828120488822917,0.8030218447948094,0.018993476919438593,0.7794383283032283,0.8266053612863905,0.9086932111033521,0.01246953025107799,0.8932102443160759,0.9241761778906283,322604000.0,0.0,322604000.0,322604000.0,190.31005079420038,10.760473817789682,176.94915785103672,203.67094373736404,281.6702135169988,1.8559113776454315,279.3657951755197,283.9746318584779
FD001,10,iid,none,ring,1,50,True,0.02,"[100, 50]",1,22b20344bb16,test_all,val_f1,fedavg_weighted,5,0.985923682616596,0.0012186336852777007,0.9844105490425883,0.9874368161906037,0.8401365625769438,0.03369201506604398,0.7983024004424981,0.8819707247113895,0.8048192771084338,0.017355253362515578,0.7832698838284934,0.8263686703883742,0.8215685625279503,0.011886389324774885,0.8068096608347438,0.8363274642211568,0.9111960536102174,0.01720879758050131,0.8898285092021329,0.9325635980183019,322604000.0,0.0,322604000.0,322604000.0,190.67774564700147,10.631652808178929,177.47680511368375,203.8786861803192,282.10444491599964,1.8402064450795526,279.8195268238818,284.38936300811747
FD001,10,iid,none,ring,1,50,True,0.02,"[100, 50]",1,22b20344bb16,test_all,val_f1,gossip,5,0.9853179890975167,0.002351152139117423,0.9823986481320748,0.9882373300629586,0.8966235349598393,0.032981111212015066,0.8556720765471256,0.9375749933725529,0.7180722891566265,0.04531105699070315,0.6618111809707113,0.7743333973425416,0.7968993657678984,0.0348203297745744,0.7536642158812268,0.8401345156545701,0.9059619064549557,0.02064321249536881,0.8803299726921862,0.9315938402177252,322604000.0,0.0,322604000.0,322604000.0,195.13744751859912,6.212142926049512,187.42405329562726,202.85084174157097,49.746662583799306,1.3324796672101176,48.09217055268597,51.40115461491264
FD001,10,iid,none,ring,1,50,True,0.02,"[100, 50]",1,22b20344bb16,test_all,val_f1,gossip_weighted,5,0.9837916414294365,0.003197465208751632,0.9798214639942205,0.9877618188646525,0.8491730318673814,0.06685580632175636,0.7661605840867729,0.9321854796479898,0.7325301204819276,0.07074787637733754,0.644685029434817,0.8203752115290381,0.7834953470492735,0.04449706653378328,0.7282449415085972,0.8387457525899498,0.8940029834806845,0.02851609744343536,0.8585955719159004,0.9294103950454686,322604000.0,0.0,322604000.0,322604000.0,193.07773065080164,3.1982300478112347,189.10660354246093,197.04885775914235,49.542758907000625,1.0365245502344544,48.255743689720155,50.829774124281094
FD001,10,iid,none,ring,1,50,True,0.02,"[100, 50]",1,22b20344bb16,test_all,val_f1,local,5,0.9757480314960629,0.005451510862187176,0.9689790867226683,0.9825169762694576,0.6983997379710385,0.08261936826953431,0.5958142428364194,0.8009852331056576,0.7144578313253012,0.027141880303780286,0.6807567357085413,0.748158926942061,0.705087593121747,0.05305877710937242,0.6392064197963212,0.7709687664471727,0.7397620521968327,0.12708981833963937,0.581959200226246,0.8975649041674193,0.0,0.0,0.0,0.0,190.1704720210011,12.989284410427691,174.04214520614363,206.29879883585858,22.983484388000697,2.1982252907779323,20.25402718450074,25.712941591500655
FD001,10,iid,none,ring,1,50,True,0.02,"[100, 50]",1,22b20344bb16,test_all,val_fpr02,centralized,5,0.9887583282858874,0.002380614404752956,0.9858024050859003,0.9917142514858744,0.8454958574904765,0.03605289094793323,0.8007302807692614,0.8902614342116916,0.8831325301204819,0.04087960862005672,0.8323737918362972,0.9338912684046665,0.8633286656647414,0.029366992138333974,0.8268647287910391,0.8997926025384437,0.9494411592911811,0.015928335863259115,0.9296635180984744,0.9692188004838879,0.0,0.0,0.0,0.0,190.98308336240038,10.438380350338962,178.0221222818269,203.94404444297385,190.8052282778003,10.424362891287332,177.86167217147752,203.74878438412307
FD001,10,iid,none,ring,1,50,True,0.02,"[100, 50]",1,22b20344bb16,test_all,val_fpr02,event_gossip,5,0.9846153846153847,0.0032942155398878676,0.9805250757771825,0.9887056934535868,0.8360112923967826,0.06805472947468565,0.7515101849005689,0.9205123998929964,0.7746987951807228,0.03740279897897683,0.7282570862564748,0.8211405041049709,0.8026534068697758,0.036651903055170666,0.7571440583805159,0.8481627553590357,0.9062522190215272,0.023057490973113562,0.8776225625913038,0.9348818754517506,321974792.0,912461.9041516199,320841820.9038825,323107763.0961175,188.9519182241999,3.982583722553126,184.00688739607335,193.89694905232642,49.02930484420218,0.9959244866858833,47.79270126415476,50.2659084242496
FD001,10,iid,none,ring,1,50,True,0.02,"[100, 50]",1,22b20344bb16,test_all,val_fpr02,event_gossip_weighted,5,0.98328285887341,0.003298667184540325,0.9791870225883101,0.98737869515851,0.8326166520991378,0.07091949417663955,0.744558469409183,0.9206748347890926,0.7397590361445783,0.058738801232348835,0.6668251813567239,0.8126928909324327,0.780728855737412,0.03971192169128935,0.7314199922738509,0.8300377192009731,0.8958863487232144,0.02779289274463733,0.8613769143962596,0.9303957830501691,322232875.2,577091.5790506738,321516321.3626262,322949429.0373738,193.87922135379898,4.6903891359017305,188.05533402618374,199.70310868141422,51.00650452940151,3.325613598246027,46.87720985252254,55.13579920628048
FD001,10,iid,none,ring,1,50,True,0.02,"[100, 50]",1,22b20344bb16,test_all,val_fpr02,fedavg,5,0.9849788007268321,0.0008693337428471999,0.983899380315915,0.9860582211377492,0.8402785682796751,0.027000266161518748,0.8067533098449979,0.8738038267143522,0.7765060240963856,0.05676732043079397,0.7060200860429717,0.8469919621497994,0.8053674665547176,0.020547448221469925,0.7798544398431624,0.8308804932662728,0.9086932111033521,0.01246953025107799,0.8932102443160759,0.9241761778906283,322604000.0,0.0,322604000.0,322604000.0,190.31005079420038,10.760473817789682,176.94915785103672,203.67094373736404,281.6702135169988,1.8559113776454315,279.3657951755197,283.9746318584779
FD001,10,iid,none,ring,1,50,True,0.02,"[100, 50]",1,22b20344bb16,test_all,val_fpr02,fedavg_weighted,5,0.9847607510599637,0.0020866119755003367,0.9821698800917641,0.9873516220281634,0.8277510972714364,0.03919444331594726,0.7790847680763865,0.8764174264664862,0.7897590361445783,0.0838085833737726,0.6856969354289063,0.8938211368602503,0.8048864949414414,0.03844596505443092,0.7571495242571545,0.8526234656257282,0.9111960536102174,0.01720879758050131,0.8898285092021329,0.9325635980183019,322604000.0,0.0,322604000.0,322604000.0,190.67774564700147,10.631652808178929,177.47680511368375,203.8786861803192,282.10444491599964,1.8402064450795526,279.8195268238818,284.38936300811747
FD001,10,iid,none,ring,1,50,True,0.02,"[100, 50]",1,22b20344bb16,test_all,val_fpr02,gossip,5,0.9849788007268323,0.00253958271268765,0.9818254923020274,0.9881321091516372,0.8511133934478134,0.04754904147221173,0.7920734605026705,0.9101533263929564,0.7614457831325302,0.02646491883914313,0.7285852461945816,0.7943063200704787,0.8033294161731035,0.030483043293140555,0.7654797187603242,0.8411791135858828,0.9059619064549557,0.02064321249536881,0.8803299726921862,0.9315938402177252,322604000.0,0.0,322604000.0,322604000.0,195.13744751859912,6.212142926049512,187.42405329562726,202.85084174157097,49.746662583799306,1.3324796672101176,48.09217055268597,51.40115461491264
FD001,10,iid,none,ring,1,50,True,0.02,"[100, 50]",1,22b20344bb16,test_all,val_fpr02,gossip_weighted,5,0.9834282253179891,0.0034160255325528066,0.9791866693972735,0.9876697812387047,0.8481724319271654,0.08527305125207618,0.742291954170478,0.9540529096838528,0.7301204819277108,0.0893670181219065,0.6191566728989162,0.8410842909565055,0.7786658883177967,0.04766153910822276,0.7194862711081358,0.8378455055274576,0.8940029834806845,0.02851609744343536,0.8585955719159004,0.9294103950454686,322604000.0,0.0,322604000.0,322604000.0,193.07773065080164,3.1982300478112347,189.10660354246093,197.04885775914235,49.542758907000625,1.0365245502344544,48.255743689720155,50.829774124281094
FD001,10,iid,none,ring,1,50,True,0.02,"[100, 50]",1,22b20344bb16,test_all,val_fpr02,local,5,0.9765717746820108,0.005759250450033904,0.9694207207415649,0.9837228286224567,0.7488622277020216,0.10133093575619102,0.6230432528692607,0.8746812025347825,0.6391566265060241,0.05326302855152416,0.5730218415182974,0.7052914114937509,0.6883259496098335,0.06737287212239722,0.6046714798398669,0.7719804193798001,0.7397620521968327,0.12708981833963937,0.581959200226246,0.8975649041674193,0.0,0.0,0.0,0.0,190.1704720210011,12.989284410427691,174.04214520614363,206.29879883585858,22.983484388000697,2.1982252907779323,20.25402718450074,25.712941591500655
FD001,10,iid,none,ring,1,50,True,0.02,"[100, 50]",1,22b20344bb16,test_terminal,fixed,centralized,5,0.9655913978494624,0.011778979731293883,0.9509658627815429,0.9802169329173818,0.9522564102564102,0.04179886326701005,0.900356266571922,1.0041565539408983,0.9199999999999999,0.028284271247461888,0.8848804386765966,0.9551195613234033,0.9351364034975692,0.02089482648954807,0.909192049696783,0.9610807572983554,0.9943947944647945,0.005394554780018922,0.987696570008107,1.001093018921482,0.0,0.0,0.0,0.0,190.98308336240038,10.438380350338962,178.0221222818269,203.94404444297385,190.8052282778003,10.424362891287332,177.86167217147752,203.74878438412307
FD001,10,iid,none,ring,1,50,True,0.02,"[100, 50]",1,22b20344bb16,test_terminal,fixed,event_gossip,5,0.9440860215053763,0.0048087483387092705,0.9381151718167788,0.9500568711939739,0.9411515151515151,0.045169002104848886,0.8850667914031342,0.997236238899896,0.8480000000000001,0.03346640106136301,0.8064459746526574,0.8895540253473427,0.8908164230231099,0.006845000469624316,0.8823172323722895,0.8993156136739303,0.9778638556302484,0.0036591844709707717,0.9733203780098577,0.982407333250639,321974792.0,912461.9041516199,320841820.9038825,323107763.0961175,188.9519182241999,3.982583722553126,184.00688739607335,193.89694905232642,49.02930484420218,0.9959244866858833,47.79270126415476,50.2659084242496
FD001,10,iid,none,ring,1,50,True,0.02,"[100, 50]",1,22b20344bb16,test_terminal,fixed,event_gossip_weighted,5,0.9526881720430108,0.01225995080751764,0.937465432505567,0.9679109115804546,0.9061032011466794,0.01636760369337433,0.8857801369037496,0.9264262653896093,0.9199999999999999,0.05656854249492382,0.8497608773531933,0.9902391226468066,0.9120714021457641,0.025413989225283536,0.8805157666739911,0.9436270376175371,0.9752196946308794,0.012878052950337771,0.9592294799154832,0.9912099093462756,322232875.2,577091.5790506738,321516321.3626262,322949429.0373738,193.87922135379898,4.6903891359017305,188.05533402618374,199.70310868141422,51.00650452940151,3.325613598246027,46.87720985252254,55.13579920628048
FD001,10,iid,none,ring,1,50,True,0.02,"[100, 50]",1,22b20344bb16,test_terminal,fixed,fedavg,5,0.9483870967741936,0.004808748338709221,0.9424162470855962,0.954357946462791,0.9488801054018445,0.03456568255140341,0.9059611418044269,0.9917990689992622,0.8560000000000001,0.035777087639996624,0.8115768783168354,0.9004231216831647,0.899018188835818,0.010553282451817681,0.8859145579525204,0.9121218197191155,0.9851786657003452,0.007147829630776296,0.9763034629825161,0.9940538684181742,322604000.0,0.0,322604000.0,322604000.0,190.31005079420038,10.760473817789682,176.94915785103672,203.67094373736404,281.6702135169988,1.8559113776454315,279.3657951755197,283.9746318584779
FD001,10,iid,none,ring,1,50,True,0.02,"[100, 50]",1,22b20344bb16,test_terminal,fixed,fedavg_weighted,5,0.9720430107526882,0.00961749667741844,0.9601013113754934,0.983984710129883,0.9247635327635327,0.025170149306281815,0.8935106645405092,0.9560164009865563,0.976,0.021908902300206666,0.9487965047736697,1.0032034952263302,0.9494660633484162,0.017084740924987584,0.9282525556232206,0.9706795710736118,0.9908179053796446,0.0039519307504549215,0.9859109352434103,0.995724875515879,322604000.0,0.0,322604000.0,322604000.0,190.67774564700147,10.631652808178929,177.47680511368375,203.8786861803192,282.10444491599964,1.8402064450795526,279.8195268238818,284.38936300811747
FD001,10,iid,none,ring,1,50,True,0.02,"[100, 50]",1,22b20344bb16,test_terminal,fixed,gossip,5,0.946236559139785,0.007603298722436027,0.9367958168485475,0.9556773014310225,0.9324558629776021,0.033749010308240096,0.8905509319028526,0.9743607940523515,0.8640000000000001,0.021908902300206663,0.8367965047736698,0.8912034952263304,0.8963719785786657,0.01320619974344402,0.8799743158041434,0.9127696413531879,0.9769721569064105,0.0010021633607525185,0.9757278067410452,0.9782165070717758,322604000.0,0.0,322604000.0,322604000.0,195.13744751859912,6.212142926049512,187.42405329562726,202.85084174157097,49.746662583799306,1.3324796672101176,48.09217055268597,51.40115461491264
FD001,10,iid,none,ring,1,50,True,0.02,"[100, 50]",1,22b20344bb16,test_terminal,fixed,gossip_weighted,5,0.956989247311828,0.01316929969238271,0.9406374020022404,0.9733410926214155,0.907573286616765,0.01573515611003253,0.8880355097688216,0.9271110634647083,0.9359999999999999,0.06066300355241241,0.8606769324660624,1.0113230675339375,0.9205299240160505,0.027517674662606028,0.8863622180732087,0.9546976299588923,0.9751997157691614,0.013348008291063198,0.9586259744264229,0.9917734571118999,322604000.0,0.0,322604000.0,322604000.0,193.07773065080164,3.1982300478112347,189.10660354246093,197.04885775914235,49.542758907000625,1.0365245502344544,48.255743689720155,50.829774124281094
FD001,10,iid,none,ring,1,50,True,0.02,"[100, 50]",1,22b20344bb16,test_terminal,fixed,local,5,0.9182795698924732,0.029052163626035046,0.8822065442481005,0.9543525955368458,0.8917727009832273,0.04074765210502708,0.8411778083530833,0.9423675936133712,0.792,0.10353743284435828,0.6634412971707204,0.9205587028292797,0.8364057085284706,0.06678984683811016,0.7534751602640457,0.9193362567928955,0.9125036213125071,0.05556876245985063,0.8435058895413737,0.9815013530836404,0.0,0.0,0.0,0.0,190.1704720210011,12.989284410427691,174.04214520614363,206.29879883585858,22.983484388000697,2.1982252907779323,20.25402718450074,25.712941591500655
FD001,10,iid,none,ring,1,50,True,0.02,"[100, 50]",1,22b20344bb16,test_terminal,val_f1,centralized,5,0.9763440860215054,0.008996344371334139,0.9651736491001767,0.987514522942834,0.9836666666666666,0.022373098926066447,0.9558867952019185,1.0114465381314146,0.9279999999999999,0.033466401061363,0.8864459746526573,0.9695540253473426,0.9545741786076134,0.017732441189970482,0.9325564447817616,0.9765919124334652,0.9943947944647945,0.005394554780018922,0.987696570008107,1.001093018921482,0.0,0.0,0.0,0.0,190.98308336240038,10.438380350338962,178.0221222818269,203.94404444297385,190.8052282778003,10.424362891287332,177.86167217147752,203.74878438412307
FD001,10,iid,none,ring,1,50,True,0.02,"[100, 50]",1,22b20344bb16,test_terminal,val_f1,event_gossip,5,0.9505376344086022,0.009617496677418486,0.9385959350314074,0.962479333785797,0.9575177865612648,0.02838636004180533,0.9222714652573053,0.9927641078652244,0.8560000000000001,0.06066300355241241,0.7806769324660625,0.9313230675339377,0.9021173436492586,0.023959321264804673,0.8723679170133527,0.9318667702851644,0.9778638556302484,0.0036591844709707717,0.9733203780098577,0.982407333250639,321974792.0,912461.9041516199,320841820.9038825,323107763.0961175,188.9519182241999,3.982583722553126,184.00688739607335,193.89694905232642,49.02930484420218,0.9959244866858833,47.79270126415476,50.2659084242496
FD001,10,iid,none,ring,1,50,True,0.02,"[100, 50]",1,22b20344bb16,test_terminal,val_f1,event_gossip_weighted,5,0.9483870967741936,0.008996344371334177,0.937216659852865,0.9595575336955223,0.9470355731225297,0.019027833837013335,0.9234093968833069,0.9706617493617525,0.8560000000000001,0.021908902300206663,0.8287965047736698,0.8832034952263303,0.899113475177305,0.017734928524074635,0.8770926529182445,0.9211342974363655,0.9752196946308794,0.012878052950337771,0.9592294799154832,0.9912099093462756,322232875.2,577091.5790506738,321516321.3626262,322949429.0373738,193.87922135379898,4.6903891359017305,188.05533402618374,199.70310868141422,51.00650452940151,3.325613598246027,46.87720985252254,55.13579920628048
FD001,10,iid,none,ring,1,50,True,0.02,"[100, 50]",1,22b20344bb16,test_terminal,val_f1,fedavg,5,0.956989247311828,0.007603298722435988,0.9475485050205905,0.9664299896030655,0.9578801054018445,0.028382029424592694,0.9226391612693678,0.9931210495343212,0.8800000000000001,0.040000000000000036,0.8303334400718495,0.9296665599281507,0.9164205352816428,0.01615567096418052,0.896360620278594,0.9364804502846916,0.9851786657003452,0.007147829630776296,0.9763034629825161,0.9940538684181742,322604000.0,0.0,322604000.0,322604000.0,190.31005079420038,10.760473817789682,176.94915785103672,203.67094373736404,281.6702135169988,1.8559113776454315,279.3657951755197,283.9746318584779
FD001,10,iid,none,ring,1,50,True,0.02,"[100, 50]",1,22b20344bb16,test_terminal,val_f1,fedavg_weighted,5,0.9655913978494624,0.004808748338709221,0.959620548160865,0.9715622475380598,0.9506666666666668,0.017143187827498386,0.9293805875268171,0.9719527458065165,0.9200000000000002,1.2412670766236366e-16,0.92,0.9200000000000003,0.9350204081632654,0.008396663425713498,0.9245945734825226,0.9454462428440081,0.9908179053796446,0.0039519307504549215,0.9859109352434103,0.995724875515879,322604000.0,0.0,322604000.0,322604000.0,190.67774564700147,10.631652808178929,177.47680511368375,203.8786861803192,282.10444491599964,1.8402064450795526,279.8195268238818,284.38936300811747
FD001,10,iid,none,ring,1,50,True,0.02,"[100, 50]",1,22b20344bb16,test_terminal,val_f1,gossip,5,0.9483870967741936,0.008996344371334179,0.937216659852865,0.9595575336955223,0.9644268774703557,0.01991051549368564,0.939704707196168,0.9891490477445434,0.8400000000000001,0.04898979485566356,0.7791711354483347,0.9008288645516654,0.8968407479045777,0.021848627364762764,0.8697120938955821,0.9239694019135732,0.9769721569064105,0.0010021633607525185,0.9757278067410452,0.9782165070717758,322604000.0,0.0,322604000.0,322604000.0,195.13744751859912,6.212142926049512,187.42405329562726,202.85084174157097,49.746662583799306,1.3324796672101176,48.09217055268597,51.40115461491264
FD001,10,iid,none,ring,1,50,True,0.02,"[100, 50]",1,22b20344bb16,test_terminal,val_f1,gossip_weighted,5,0.946236559139785,0.017001492796604227,0.9251264176185209,0.9673467006610491,0.9564888010540186,0.03077296088377081,0.9182791234065076,0.9946984787015295,0.8400000000000001,0.07483314773547885,0.7470823745845925,0.9329176254154077,0.8922537000945852,0.039018285104759305,0.8438061002083553,0.940701299980815,0.9751997157691614,0.013348008291063198,0.9586259744264229,0.9917734571118999,322604000.0,0.0,322604000.0,322604000.0,193.07773065080164,3.1982300478112347,189.10660354246093,197.04885775914235,49.542758907000625,1.0365245502344544,48.255743689720155,50.829774124281094
FD001,10,iid,none,ring,1,50,True,0.02,"[100, 50]",1,22b20344bb16,test_terminal,val_f1,local,5,0.9268817204301076,0.01594881395074338,0.9070786523334197,0.9466847885267956,0.8973992673992675,0.032390706663198834,0.8571808930591946,0.9376176417393403,0.8240000000000001,0.07266360849833982,0.7337762133480384,0.9142237866519617,0.8571623431981488,0.036838383019456356,0.8114214492508489,0.9029032371454486,0.9125036213125071,0.05556876245985063,0.8435058895413737,0.9815013530836404,0.0,0.0,0.0,0.0,190.1704720210011,12.989284410427691,174.04214520614363,206.29879883585858,22.983484388000697,2.1982252907779323,20.25402718450074,25.712941591500655
FD001,10,iid,none,ring,1,50,True,0.02,"[100, 50]",1,22b20344bb16,test_terminal,val_fpr02,centralized,5,0.9806451612903226,0.014019790118715361,0.9632372926375409,0.9980530299431044,0.9756410256410255,0.022275064556274413,0.9479828799238349,1.0032991713582162,0.952,0.04381780460041326,0.8975930095473396,1.0064069904526605,0.9632553021208483,0.026770276492766476,0.9300156135778197,0.9964949906638769,0.9943947944647945,0.005394554780018922,0.987696570008107,1.001093018921482,0.0,0.0,0.0,0.0,190.98308336240038,10.438380350338962,178.0221222818269,203.94404444297385,190.8052282778003,10.424362891287332,177.86167217147752,203.74878438412307
FD001,10,iid,none,ring,1,50,True,0.02,"[100, 50]",1,22b20344bb16,test_terminal,val_fpr02,event_gossip,5,0.956989247311828,0.010752688172043001,0.9436380215246908,0.9703404730989652,0.9415757575757576,0.02130623063162961,0.9151205780630369,0.9680309370884783,0.8960000000000001,0.035777087639996666,0.8515768783168354,0.9404231216831649,0.9178254450716457,0.021582720355787302,0.8910269582225651,0.9446239319207262,0.9778638556302484,0.0036591844709707717,0.9733203780098577,0.982407333250639,321974792.0,912461.9041516199,320841820.9038825,323107763.0961175,188.9519182241999,3.982583722553126,184.00688739607335,193.89694905232642,49.02930484420218,0.9959244866858833,47.79270126415476,50.2659084242496
FD001,10,iid,none,ring,1,50,True,0.02,"[100, 50]",1,22b20344bb16,test_terminal,val_fpr02,event_gossip_weighted,5,0.946236559139785,0.010752688172043057,0.9328853333526477,0.9595877849269223,0.9488221343873517,0.03472046190777768,0.905710986835459,0.9919332819392445,0.8480000000000001,0.05932958789676532,0.7743325866803208,0.9216674133196794,0.8937840103159254,0.024862831727225705,0.8629127272668309,0.9246552933650198,0.9752196946308794,0.012878052950337771,0.9592294799154832,0.9912099093462756,322232875.2,577091.5790506738,321516321.3626262,322949429.0373738,193.87922135379898,4.6903891359017305,188.05533402618374,199.70310868141422,51.00650452940151,3.325613598246027,46.87720985252254,55.13579920628048
FD001,10,iid,none,ring,1,50,True,0.02,"[100, 50]",1,22b20344bb16,test_terminal,val_fpr02,fedavg,5,0.9548387096774194,0.004808748338709221,0.948867859988822,0.9608095593660168,0.9502134387351779,0.033026377555833535,0.9092057747330147,0.9912211027373412,0.8800000000000001,0.040000000000000036,0.8303334400718495,0.9296665599281507,0.9126654332408265,0.011029353158887397,0.898970682499961,0.926360183981692,0.9851786657003452,0.007147829630776296,0.9763034629825161,0.9940538684181742,322604000.0,0.0,322604000.0,322604000.0,190.31005079420038,10.760473817789682,176.94915785103672,203.67094373736404,281.6702135169988,1.8559113776454315,279.3657951755197,283.9746318584779
FD001,10,iid,none,ring,1,50,True,0.02,"[100, 50]",1,22b20344bb16,test_terminal,val_fpr02,fedavg_weighted,5,0.9591397849462366,0.014019790118715408,0.9417319162934549,0.9765476535990184,0.9519487179487178,0.032575886218476555,0.9115004128216533,0.9923970230757824,0.8959999999999999,0.07797435475847171,0.7991820509132372,0.9928179490867626,0.9204727709265524,0.03289842099481679,0.8796239859795376,0.9613215558735673,0.9908179053796446,0.0039519307504549215,0.9859109352434103,0.995724875515879,322604000.0,0.0,322604000.0,322604000.0,190.67774564700147,10.631652808178929,177.47680511368375,203.8786861803192,282.10444491599964,1.8402064450795526,279.8195268238818,284.38936300811747
FD001,10,iid,none,ring,1,50,True,0.02,"[100, 50]",1,22b20344bb16,test_terminal,val_fpr02,gossip,5,0.9591397849462366,0.011778979731293883,0.9445142498783172,0.973765320014156,0.9492424242424242,0.018284118766889686,0.9265396922306955,0.9719451562541529,0.8960000000000001,0.035777087639996666,0.8515768783168354,0.9404231216831649,0.921580547112462,0.023595168229198046,0.8922832761907055,0.9508778180342184,0.9769721569064105,0.0010021633607525185,0.9757278067410452,0.9782165070717758,322604000.0,0.0,322604000.0,322604000.0,195.13744751859912,6.212142926049512,187.42405329562726,202.85084174157097,49.746662583799306,1.3324796672101176,48.09217055268597,51.40115461491264
FD001,10,iid,none,ring,1,50,True,0.02,"[100, 50]",1,22b20344bb16,test_terminal,val_fpr02,gossip_weighted,5,0.946236559139785,0.017001492796604227,0.9251264176185209,0.9673467006610491,0.9564888010540186,0.03077296088377081,0.9182791234065076,0.9946984787015295,0.8400000000000001,0.07483314773547885,0.7470823745845925,0.9329176254154077,0.8922537000945852,0.039018285104759305,0.8438061002083553,0.940701299980815,0.9751997157691614,0.013348008291063198,0.9586259744264229,0.9917734571118999,322604000.0,0.0,322604000.0,322604000.0,193.07773065080164,3.1982300478112347,189.10660354246093,197.04885775914235,49.542758907000625,1.0365245502344544,48.255743689720155,50.829774124281094
FD001,10,iid,none,ring,1,50,True,0.02,"[100, 50]",1,22b20344bb16,test_terminal,val_fpr02,local,5,0.9032258064516128,0.031349203735727395,0.8643006288006051,0.9421509841026204,0.8838336783988957,0.04346317875164681,0.829867014095481,0.9378003427023104,0.736,0.10807404868885039,0.6018083446029338,0.8701916553970662,0.8003803745967547,0.07549956174043092,0.7066352869034993,0.8941254622900101,0.9125036213125071,0.05556876245985063,0.8435058895413737,0.9815013530836404,0.0,0.0,0.0,0.0,190.1704720210011,12.989284410427691,174.04214520614363,206.29879883585858,22.983484388000697,2.1982252907779323,20.25402718450074,25.712941591500655
FD001,10,iid,packet_loss,ring,1,50,True,0.02,"[100, 50]",1,d3f904be6308,test_all,fixed,fedavg,3,0.9854633555420959,0.0012647251979298016,0.9823216039829176,0.9886051071012741,0.8504713595193998,0.04958510448407469,0.7272951315294295,0.9736475875093701,0.7791164658634537,0.038258150367987215,0.684077951752522,0.8741549799743855,0.8117659732222112,0.011994401554474224,0.781970227990865,0.8415617184535574,0.9098171531049325,0.010883695654821697,0.8827805542855767,0.9368537519242883,322604000.0,0.0,322604000.0,322604000.0,193.67813154734117,2.4437503628782675,187.6075191128117,199.74874398187063,283.1023681926726,1.5337133625616204,279.2924129897179,286.9123233956273
FD001,10,iid,packet_loss,ring,1,50,True,0.02,"[100, 50]",1,d3f904be6308,test_all,fixed,gossip,3,0.9846153846153847,0.0012294235693630967,0.9815613271630151,0.9876694420677542,0.8448458534720515,0.0281459891156326,0.7749273404753942,0.9147643664687088,0.7590361445783133,0.06516056521922874,0.5971683271982602,0.9209039619583663,0.7978136673258623,0.026517913624277054,0.7319395180548578,0.8636878165968669,0.8919103644657893,0.030625527737759086,0.8158323360701661,0.9679883928614125,322604000.0,0.0,322604000.0,322604000.0,192.73730780667088,1.39339810218348,189.27591503355555,196.19870057978622,49.351247099325754,0.5943996055547106,47.874676623317775,50.82781757533373
FD001,10,iid,packet_loss,ring,1,50,True,0.02,"[100, 50]",1,d3f904be6308,test_all,val_f1,fedavg,3,0.9854229759741572,0.0010991849455938341,0.9826924491986193,0.988153502749695,0.8606017556424375,0.039365164606315846,0.7628132657146289,0.958390245570246,0.7640562248995985,0.050070111003179464,0.6396751739250752,0.8884372758741217,0.8079399712550712,0.018060074431114553,0.7630762592837217,0.8528036832264208,0.9098171531049325,0.010883695654821697,0.8827805542855767,0.9368537519242883,322604000.0,0.0,322604000.0,322604000.0,193.67813154734117,2.4437503628782675,187.6075191128117,199.74874398187063,283.1023681926726,1.5337133625616204,279.2924129897179,286.9123233956273
FD001,10,iid,packet_loss,ring,1,50,True,0.02,"[100, 50]",1,d3f904be6308,test_all,val_f1,gossip,3,0.9846153846153847,0.0006744717580653939,0.9829399038856639,0.9862908653451055,0.842746573461861,0.03174749986304167,0.7638814117982907,0.9216117351254313,0.7610441767068273,0.027986666395113154,0.691521443288551,0.8305669101251036,0.7991281931751445,0.007014987794831417,0.7817019974465355,0.8165543889037535,0.8919103644657893,0.030625527737759086,0.8158323360701661,0.9679883928614125,322604000.0,0.0,322604000.0,322604000.0,192.73730780667088,1.39339810218348,189.27591503355555,196.19870057978622,49.351247099325754,0.5943996055547106,47.874676623317775,50.82781757533373
FD001,10,iid,packet_loss,ring,1,50,True,0.02,"[100, 50]",1,d3f904be6308,test_all,val_fpr02,fedavg,3,0.9845346254795073,0.0010991849455939053,0.9818040987039692,0.9872651522550454,0.8255489989869812,0.047298156434799545,0.7080538648910291,0.9430441330829333,0.786144578313253,0.05722891566265062,0.6439800707130835,0.9283090859134225,0.803179143029218,0.015144048984249104,0.7655592398388505,0.8407990462195855,0.9098171531049325,0.010883695654821697,0.8827805542855767,0.9368537519242883,322604000.0,0.0,322604000.0,322604000.0,193.67813154734117,2.4437503628782675,187.6075191128117,199.74874398187063,283.1023681926726,1.5337133625616204,279.2924129897179,286.9123233956273
FD001,10,iid,packet_loss,ring,1,50,True,0.02,"[100, 50]",1,d3f904be6308,test_all,val_fpr02,gossip,3,0.9840096910963053,0.00136516386064018,0.9806184360673704,0.9874009461252402,0.860758781936152,0.07944614244659484,0.6634036234314771,1.0581139404408269,0.7319277108433736,0.09930627422791888,0.48523725002038043,0.9786181716663668,0.7844412420426027,0.034185787383482456,0.6995190383974152,0.8693634456877901,0.8919103644657893,0.030625527737759086,0.8158323360701661,0.9679883928614125,322604000.0,0.0,322604000.0,322604000.0,192.73730780667088,1.39339810218348,189.27591503355555,196.19870057978622,49.351247099325754,0.5943996055547106,47.874676623317775,50.82781757533373
FD001,10,iid,packet_loss,ring,1,50,True,0.02,"[100, 50]",1,d3f904be6308,test_terminal,fixed,fedavg,3,0.946236559139785,0.010752688172043057,0.9195254009489211,0.9729477173306489,0.941856452726018,0.02191302169973573,0.8874214891433012,0.9962914163087349,0.8533333333333334,0.046188021535170036,0.7385959272066811,0.9680707394599857,0.8947303559104801,0.023716146978423155,0.8358161808239655,0.9536445309969948,0.9806754135575231,0.0113923894885003,0.9523751492021915,1.0089756779128547,322604000.0,0.0,322604000.0,322604000.0,193.67813154734117,2.4437503628782675,187.6075191128117,199.74874398187063,283.1023681926726,1.5337133625616204,279.2924129897179,286.9123233956273
FD001,10,iid,packet_loss,ring,1,50,True,0.02,"[100, 50]",1,d3f904be6308,test_terminal,fixed,gossip,3,0.953405017921147,0.006208067410641132,0.9379833235492852,0.9688267122930088,0.9432367149758454,0.023010336815528602,0.8860758695323138,1.0003975604193769,0.88,0.0,0.88,0.88,0.9104308390022675,0.010800770341982775,0.8836002380797936,0.9372614399247414,0.9711260086760286,0.004780717319328558,0.9592500484938666,0.9830019688581906,322604000.0,0.0,322604000.0,322604000.0,192.73730780667088,1.39339810218348,189.27591503355555,196.19870057978622,49.351247099325754,0.5943996055547106,47.874676623317775,50.82781757533373
FD001,10,iid,packet_loss,ring,1,50,True,0.02,"[100, 50]",1,d3f904be6308,test_terminal,val_f1,fedavg,3,0.956989247311828,0.010752688172043001,0.9302780891209642,0.9837004055026918,0.9564668423364076,0.001894536004253116,0.9517605540019736,0.9611731306708415,0.88,0.040000000000000036,0.7806344915299868,0.9793655084700132,0.9163530660491147,0.02258087774122089,0.8602590560877242,0.9724470760105052,0.9806754135575231,0.0113923894885003,0.9523751492021915,1.0089756779128547,322604000.0,0.0,322604000.0,322604000.0,193.67813154734117,2.4437503628782675,187.6075191128117,199.74874398187063,283.1023681926726,1.5337133625616204,279.2924129897179,286.9123233956273
FD001,10,iid,packet_loss,ring,1,50,True,0.02,"[100, 50]",1,d3f904be6308,test_terminal,val_f1,gossip,3,0.949820788530466,0.0062080674106411325,0.9343990941586042,0.9652424829023278,0.9425779534475187,0.02246157857698065,0.8867802990389978,0.9983756078560396,0.8666666666666667,0.023094010767585053,0.8092979636033405,0.9240353697299929,0.9027476238722439,0.01224820018635123,0.8723214078882614,0.9331738398562265,0.9711260086760286,0.004780717319328558,0.9592500484938666,0.9830019688581906,322604000.0,0.0,322604000.0,322604000.0,192.73730780667088,1.39339810218348,189.27591503355555,196.19870057978622,49.351247099325754,0.5943996055547106,47.874676623317775,50.82781757533373
FD001,10,iid,packet_loss,ring,1,50,True,0.02,"[100, 50]",1,d3f904be6308,test_terminal,val_fpr02,fedavg,3,0.956989247311828,0.010752688172043001,0.9302780891209642,0.9837004055026918,0.9564668423364076,0.001894536004253116,0.9517605540019736,0.9611731306708415,0.88,0.040000000000000036,0.7806344915299868,0.9793655084700132,0.9163530660491147,0.02258087774122089,0.8602590560877242,0.9724470760105052,0.9806754135575231,0.0113923894885003,0.9523751492021915,1.0089756779128547,322604000.0,0.0,322604000.0,322604000.0,193.67813154734117,2.4437503628782675,187.6075191128117,199.74874398187063,283.1023681926726,1.5337133625616204,279.2924129897179,286.9123233956273
FD001,10,iid,packet_loss,ring,1,50,True,0.02,"[100, 50]",1,d3f904be6308,test_terminal,val_fpr02,gossip,3,0.935483870967742,0.02844893882865155,0.8648127891642104,1.0061549527712736,0.9392109500805152,0.02043645756279722,0.8884439751541854,0.9899779250068451,0.8133333333333334,0.11547005383792512,0.5264898180167026,1.1001768486499641,0.8684411749195803,0.0679744906755033,0.6995831791955414,1.0372991706436192,0.9711260086760286,0.004780717319328558,0.9592500484938666,0.9830019688581906,322604000.0,0.0,322604000.0,322604000.0,192.73730780667088,1.39339810218348,189.27591503355555,196.19870057978622,49.351247099325754,0.5943996055547106,47.874676623317775,50.82781757533373
FD001,10,iid,server_outage,ring,1,50,True,0.02,"[100, 50]",1,ace76c4c163e,test_all,fixed,fedavg,3,0.9858671512214819,0.000667179957272693,0.9842097843290969,0.987524518113867,0.8550334712122415,0.022438271116601037,0.7992937157450146,0.9107732266794684,0.782128514056225,0.03220685729386633,0.7021222452755704,0.8621347828368795,0.8164115524765613,0.01123645723220285,0.7884986453195765,0.8443244596335461,0.9169100663201218,0.010590320255656272,0.8906022523935327,0.9432178802467109,225822800.0,0.0,225822800.0,225822800.0,195.7716459200013,5.9931219076587645,180.88390577806908,210.65938606193353,204.60236952666367,1.0026333049923675,202.11169032267526,207.09304873065207
FD001,10,iid,server_outage,ring,1,50,True,0.02,"[100, 50]",1,ace76c4c163e,test_all,fixed,gossip,3,0.985422975974157,0.0019166475729951327,0.980661759457945,0.9901841924903689,0.8736404833836858,0.02706489612974101,0.8064075542431907,0.940873412524181,0.7479919678714859,0.08272629339403424,0.5424884626980433,0.9534954730449285,0.8034512921011144,0.03649391177883767,0.7127953896020142,0.8941071946002147,0.9154126406803135,0.0225263902016608,0.8594539852707648,0.9713712960898622,322604000.0,0.0,322604000.0,322604000.0,195.53676328633688,3.400897155370765,187.08846640889595,203.9850601637778,49.68324801533279,1.083768905386677,46.991016806639365,52.37547922402621
FD001,10,iid,server_outage,ring,1,50,True,0.02,"[100, 50]",1,ace76c4c163e,test_all,val_f1,fedavg,3,0.9856652533817888,0.0005043406419057906,0.9844124017736623,0.9869181049899153,0.8486269845042291,0.05048130183519066,0.7232244788771809,0.9740294901312774,0.7901606425702811,0.07745904225697155,0.5977417145836756,0.9825795705568865,0.8149446094277341,0.020851211251621024,0.7631473292219094,0.8667418896335587,0.9169100663201218,0.010590320255656272,0.8906022523935327,0.9432178802467109,225822800.0,0.0,225822800.0,225822800.0,195.7716459200013,5.9931219076587645,180.88390577806908,210.65938606193353,204.60236952666367,1.0026333049923675,202.11169032267526,207.09304873065207
FD001,10,iid,server_outage,ring,1,50,True,0.02,"[100, 50]",1,ace76c4c163e,test_all,val_f1,gossip,3,0.9860690490611751,0.0029399542336793444,0.9787657978784722,0.993372300243878,0.8933677346910422,0.03942510702004309,0.7954303395527605,0.991305129829324,0.7419678714859437,0.04368335324860861,0.6334524063053637,0.8504833366665236,0.8105550034902395,0.041340582248752,0.7078593041003983,0.9132507028800806,0.9154126406803135,0.0225263902016608,0.8594539852707648,0.9713712960898622,322604000.0,0.0,322604000.0,322604000.0,195.53676328633688,3.400897155370765,187.08846640889595,203.9850601637778,49.68324801533279,1.083768905386677,46.991016806639365,52.37547922402621
FD001,10,iid,server_outage,ring,1,50,True,0.02,"[100, 50]",1,ace76c4c163e,test_all,val_fpr02,fedavg,3,0.9853825964062185,0.0008065812378533624,0.9833789375356767,0.9873862552767603,0.8286253627752737,0.03463401926766111,0.7425896894029891,0.9146610361475582,0.8062248995983937,0.05912623238688942,0.659347195972408,0.9531026032243795,0.8155081401782721,0.01757651764886543,0.7718456498454802,0.859170630511064,0.9169100663201218,0.010590320255656272,0.8906022523935327,0.9432178802467109,225822800.0,0.0,225822800.0,225822800.0,195.7716459200013,5.9931219076587645,180.88390577806908,210.65938606193353,204.60236952666367,1.0026333049923675,202.11169032267526,207.09304873065207
FD001,10,iid,server_outage,ring,1,50,True,0.02,"[100, 50]",1,ace76c4c163e,test_all,val_fpr02,gossip,3,0.9858267716535433,0.0027437314725393134,0.9790109648316921,0.9926425784753944,0.8608741425006915,0.04404656758628663,0.7514564028864372,0.9702918821149458,0.7730923694779116,0.027330637728546568,0.7051993016102427,0.8409854373455805,0.8145601366582098,0.03441655035952001,0.7290646860017718,0.9000555873146479,0.9154126406803135,0.0225263902016608,0.8594539852707648,0.9713712960898622,322604000.0,0.0,322604000.0,322604000.0,195.53676328633688,3.400897155370765,187.08846640889595,203.9850601637778,49.68324801533279,1.083768905386677,46.991016806639365,52.37547922402621
FD001,10,iid,server_outage,ring,1,50,True,0.02,"[100, 50]",1,ace76c4c163e,test_terminal,fixed,fedavg,3,0.960573476702509,0.006208067410641132,0.9451517823306472,0.9759951710743708,0.9449516908212562,0.021627774377375456,0.8912253208691903,0.9986780607733221,0.9066666666666667,0.023094010767585053,0.8492979636033405,0.9640353697299929,0.9251473922902494,0.011919394958753738,0.8955379737719625,0.9547568108085364,0.9866272521699813,0.00981413783944244,0.9622475822547064,1.0110069220852562,225822800.0,0.0,225822800.0,225822800.0,195.7716459200013,5.9931219076587645,180.88390577806908,210.65938606193353,204.60236952666367,1.0026333049923675,202.11169032267526,207.09304873065207
FD001,10,iid,server_outage,ring,1,50,True,0.02,"[100, 50]",1,ace76c4c163e,test_terminal,fixed,gossip,3,0.942652329749104,0.006208067410641196,0.9272306353772419,0.958074024120966,0.9296969696969697,0.04303883824868122,0.8227825685334982,1.0366113708604412,0.8533333333333334,0.02309401076758505,0.7959646302700072,0.9107020363966596,0.8890780141843972,0.007861790899603387,0.869548242928797,0.9086077854399975,0.976495622056162,0.0008993429355610397,0.9742615303541386,0.9787297137581854,322604000.0,0.0,322604000.0,322604000.0,195.53676328633688,3.400897155370765,187.08846640889595,203.9850601637778,49.68324801533279,1.083768905386677,46.991016806639365,52.37547922402621
FD001,10,iid,server_outage,ring,1,50,True,0.02,"[100, 50]",1,ace76c4c163e,test_terminal,val_f1,fedavg,3,0.956989247311828,0.010752688172043001,0.9302780891209642,0.9837004055026918,0.9442929292929293,0.02112337133725017,0.8918195659547601,0.9967662926310985,0.8933333333333334,0.046188021535170105,0.778595927206681,1.008070739459986,0.9174641771602259,0.022685790236610864,0.8611095501126034,0.9738188042078484,0.9866272521699813,0.00981413783944244,0.9622475822547064,1.0110069220852562,225822800.0,0.0,225822800.0,225822800.0,195.7716459200013,5.9931219076587645,180.88390577806908,210.65938606193353,204.60236952666367,1.0026333049923675,202.11169032267526,207.09304873065207
FD001,10,iid,server_outage,ring,1,50,True,0.02,"[100, 50]",1,ace76c4c163e,test_terminal,val_f1,gossip,3,0.949820788530466,0.0062080674106411325,0.9343990941586042,0.9652424829023278,0.9552042160737813,0.0011410084371336411,0.9523697939856722,0.9580386381618903,0.8533333333333334,0.02309401076758505,0.7959646302700072,0.9107020363966596,0.9013002364066193,0.013307718970682865,0.8682420298541706,0.9343584429590679,0.976495622056162,0.0008993429355610397,0.9742615303541386,0.9787297137581854,322604000.0,0.0,322604000.0,322604000.0,195.53676328633688,3.400897155370765,187.08846640889595,203.9850601637778,49.68324801533279,1.083768905386677,46.991016806639365,52.37547922402621
FD001,10,iid,server_outage,ring,1,50,True,0.02,"[100, 50]",1,ace76c4c163e,test_terminal,val_fpr02,fedavg,3,0.953405017921147,0.0062080674106411325,0.9379833235492852,0.9688267122930088,0.9315151515151515,0.019944827481096165,0.8819694534150062,0.9810608496152968,0.8933333333333334,0.046188021535170105,0.778595927206681,1.008070739459986,0.9112056737588653,0.015232219867981664,0.8733667419511394,0.9490446055665912,0.9866272521699813,0.00981413783944244,0.9622475822547064,1.0110069220852562,225822800.0,0.0,225822800.0,225822800.0,195.7716459200013,5.9931219076587645,180.88390577806908,210.65938606193353,204.60236952666367,1.0026333049923675,202.11169032267526,207.09304873065207
FD001,10,iid,server_outage,ring,1,50,True,0.02,"[100, 50]",1,ace76c4c163e,test_terminal,val_fpr02,gossip,3,0.960573476702509,0.012416134821282265,0.9297300879587853,0.9914168654462328,0.9444444444444445,0.024056261216234453,0.8846853787534796,1.0042035101354094,0.9066666666666667,0.023094010767585053,0.8492979636033405,0.9640353697299929,0.9251700680272109,0.02356531710978067,0.8666305751054495,0.9837095609489723,0.976495622056162,0.0008993429355610397,0.9742615303541386,0.9787297137581854,322604000.0,0.0,322604000.0,322604000.0,195.53676328633688,3.400897155370765,187.08846640889595,203.9850601637778,49.68324801533279,1.083768905386677,46.991016806639365,52.37547922402621
FD001,10,lifetime,none,ring,1,50,True,0.02,"[100, 50]",1,c3abb1342efd,test_all,fixed,fedavg,3,0.9815465374520492,0.00121340433687195,0.9785322739792243,0.9845608009248742,0.9088203928475368,0.010133413829436557,0.8836475974050612,0.9339931882900124,0.6014056224899599,0.02733063772854659,0.533512554622291,0.6692986903576288,0.723650349552028,0.022214020583492554,0.6684676632909761,0.7788330358130799,0.8652861523740417,0.013383799075442808,0.8320389523642451,0.8985333523838384,322604000.0,0.0,322604000.0,322604000.0,189.8118428026652,8.01315232623157,169.90606891907348,209.71761668625695,290.9937417020003,3.1612550759642115,283.1407487513355,298.84673465266513
FD001,10,lifetime,none,ring,1,50,True,0.02,"[100, 50]",1,c3abb1342efd,test_all,fixed,gossip,3,0.9788007268322229,0.002974689075180769,0.9714111895198346,0.9861902641446111,0.7451365423880599,0.07258422815868763,0.5648273239407737,0.9254457608353461,0.7309236947791163,0.03491031857573033,0.6442016558759266,0.8176457336823061,0.7357150567979769,0.02371490932492268,0.6768039562131969,0.7946261573827569,0.795972121737658,0.047580274303514004,0.6777761680048737,0.9141680754704422,322604000.0,0.0,322604000.0,322604000.0,184.248580774336,5.7713071445223205,169.911859050534,198.58530249813802,59.89901477033279,4.975263835339022,47.53977425105954,72.25825528960604
FD001,10,lifetime,none,ring,1,50,True,0.02,"[100, 50]",1,c3abb1342efd,test_all,fixed,local,3,0.9710882293559459,0.002116752258765381,0.9658299252435141,0.9763465334683776,0.6359077350688088,0.04060683829320009,0.5350347567097231,0.7367807134278945,0.6696787148594378,0.06770970000035086,0.5014784956372649,0.8378789340816106,0.6500611676912256,0.02615814042378661,0.5850807445952365,0.7150415907872146,0.7158763250185097,0.01560465914349624,0.6771122027611411,0.7546404472758783,0.0,0.0,0.0,0.0,185.1074484793262,7.589547846440462,166.25396645884993,203.96093049980246,30.345478053330226,1.6452842144470474,26.258365489674798,34.43259061698565
FD001,10,lifetime,none,ring,1,50,True,0.02,"[100, 50]",1,c3abb1342efd,test_all,val_f1,fedavg,3,0.9812235009085403,0.0017926891080495186,0.9767702142897904,0.9856767875272902,0.8362599552963849,0.1157265299407532,0.5487793180205561,1.1237405925722137,0.6947791164658635,0.141320388031429,0.34371981111780076,1.0458384218139263,0.7442776789424436,0.05005042108954847,0.6199455404249121,0.868609817459975,0.8652861523740417,0.013383799075442808,0.8320389523642451,0.8985333523838384,322604000.0,0.0,322604000.0,322604000.0,189.8118428026652,8.01315232623157,169.90606891907348,209.71761668625695,290.9937417020003,3.1612550759642115,283.1407487513355,298.84673465266513
FD001,10,lifetime,none,ring,1,50,True,0.02,"[100, 50]",1,c3abb1342efd,test_all,val_f1,gossip,3,0.9790430042398547,0.0025640230755320354,0.9726736178241275,0.9854123906555818,0.7497311263942833,0.025685350222281973,0.6859251792675979,0.8135370735209687,0.7198795180722891,0.0760206594224335,0.531033731128894,0.9087253050156843,0.7330018434941473,0.04333705544695691,0.6253466297421466,0.840657057246148,0.795972121737658,0.047580274303514004,0.6777761680048737,0.9141680754704422,322604000.0,0.0,322604000.0,322604000.0,184.248580774336,5.7713071445223205,169.911859050534,198.58530249813802,59.89901477033279,4.975263835339022,47.53977425105954,72.25825528960604
FD001,10,lifetime,none,ring,1,50,True,0.02,"[100, 50]",1,c3abb1342efd,test_all,val_f1,local,3,0.9731475873208156,0.0024358620846930213,0.9670965704556069,0.9791986041860243,0.7094959914168166,0.09695568142050467,0.4686447268316901,0.9503472560019431,0.6094377510040161,0.12324885066013935,0.3032706331492794,0.9156048688587528,0.643440644842254,0.02443349911114252,0.5827444682702467,0.7041368214142614,0.7158763250185097,0.01560465914349624,0.6771122027611411,0.7546404472758783,0.0,0.0,0.0,0.0,185.1074484793262,7.589547846440462,166.25396645884993,203.96093049980246,30.345478053330226,1.6452842144470474,26.258365489674798,34.43259061698565
FD001,10,lifetime,none,ring,1,50,True,0.02,"[100, 50]",1,c3abb1342efd,test_all,val_fpr02,fedavg,3,0.9820310922673127,0.0003894064510798496,0.9810637530169863,0.982998431517639,0.8555164819551009,0.08535811354671363,0.6434751730898428,1.0675577908203588,0.679718875502008,0.08478438607849735,0.4691027846768131,0.890334966327203,0.751281185298307,0.02138638074954747,0.6981544703605048,0.8044079002361092,0.8652861523740417,0.013383799075442808,0.8320389523642451,0.8985333523838384,322604000.0,0.0,322604000.0,322604000.0,189.8118428026652,8.01315232623157,169.90606891907348,209.71761668625695,290.9937417020003,3.1612550759642115,283.1407487513355,298.84673465266513
FD001,10,lifetime,none,ring,1,50,True,0.02,"[100, 50]",1,c3abb1342efd,test_all,val_fpr02,gossip,3,0.9784776902887139,0.002302697747528124,0.9727574719753167,0.9841979086021111,0.8117517435993725,0.019525366474280156,0.7632480444048676,0.8602554427938774,0.6044176706827309,0.05390921188216384,0.47049976443550867,0.7383355769299531,0.6923387401366484,0.04202617820855474,0.5879399259680377,0.7967375543052592,0.795972121737658,0.047580274303514004,0.6777761680048737,0.9141680754704422,322604000.0,0.0,322604000.0,322604000.0,184.248580774336,5.7713071445223205,169.911859050534,198.58530249813802,59.89901477033279,4.975263835339022,47.53977425105954,72.25825528960604
FD001,10,lifetime,none,ring,1,50,True,0.02,"[100, 50]",1,c3abb1342efd,test_all,val_fpr02,local,3,0.9728245507773067,0.002483589632898309,0.9666549721097119,0.9789941294449015,0.7595416300299527,0.06291103714706212,0.6032619501676098,0.9158213098922956,0.49196787148594384,0.1495849162415154,0.12037833994138097,0.8635574030305067,0.5842364616264227,0.0912551600762788,0.35754607708912545,0.81092684616372,0.7158763250185097,0.01560465914349624,0.6771122027611411,0.7546404472758783,0.0,0.0,0.0,0.0,185.1074484793262,7.589547846440462,166.25396645884993,203.96093049980246,30.345478053330226,1.6452842144470474,26.258365489674798,34.43259061698565
FD001,10,lifetime,none,ring,1,50,True,0.02,"[100, 50]",1,c3abb1342efd,test_terminal,fixed,fedavg,3,0.9068100358422938,0.006208067410641132,0.891388341470432,0.9222317302141556,0.94541910331384,0.0016881586818409948,0.9412254846688601,0.94961272195882,0.6933333333333334,0.023094010767584987,0.6359646302700073,0.7507020363966594,0.7998590556730091,0.015867977800137757,0.7604408136104699,0.8392772977355483,0.9588734705986881,0.005449233869212213,0.9453368232440309,0.9724101179533453,322604000.0,0.0,322604000.0,322604000.0,189.8118428026652,8.01315232623157,169.90606891907348,209.71761668625695,290.9937417020003,3.1612550759642115,283.1407487513355,298.84673465266513
FD001,10,lifetime,none,ring,1,50,True,0.02,"[100, 50]",1,c3abb1342efd,test_terminal,fixed,gossip,3,0.9211469534050178,0.0062080674106411325,0.9057252590331559,0.9365686477768798,0.9212842712842712,0.024962569506695995,0.8592738109904988,0.9832947315780435,0.7733333333333334,0.02309401076758505,0.7159646302700072,0.8307020363966596,0.8405317435844726,0.012939975677908644,0.8083870620138477,0.8726764251550975,0.9252293728746287,0.045883324367862355,0.811248876471949,1.0392098692773084,322604000.0,0.0,322604000.0,322604000.0,184.248580774336,5.7713071445223205,169.911859050534,198.58530249813802,59.89901477033279,4.975263835339022,47.53977425105954,72.25825528960604
FD001,10,lifetime,none,ring,1,50,True,0.02,"[100, 50]",1,c3abb1342efd,test_terminal,fixed,local,3,0.921146953405018,0.02238350537060362,0.8655432435927355,0.9767506632173004,0.8975468975468975,0.06092730774472105,0.746195074702818,1.048898720390977,0.7999999999999999,0.03999999999999998,0.7006344915299868,0.8993655084700131,0.8453435028035265,0.04208997407710048,0.7407862109120075,0.9499007946950456,0.9158816050072939,0.03313812166840281,0.8335619472742437,0.998201262740344,0.0,0.0,0.0,0.0,185.1074484793262,7.589547846440462,166.25396645884993,203.96093049980246,30.345478053330226,1.6452842144470474,26.258365489674798,34.43259061698565
FD001,10,lifetime,none,ring,1,50,True,0.02,"[100, 50]",1,c3abb1342efd,test_terminal,val_f1,fedavg,3,0.921146953405018,0.034565056491014184,0.8352825930669091,1.007011313743127,0.9350296442687748,0.020860980369116496,0.8832080962297691,0.9868511923077804,0.7599999999999999,0.13856406460551018,0.41578778162004293,1.1042122183799568,0.8334414461165888,0.08859471276250315,0.6133599790815665,1.053522913151611,0.9588734705986881,0.005449233869212213,0.9453368232440309,0.9724101179533453,322604000.0,0.0,322604000.0,322604000.0,189.8118428026652,8.01315232623157,169.90606891907348,209.71761668625695,290.9937417020003,3.1612550759642115,283.1407487513355,298.84673465266513
FD001,10,lifetime,none,ring,1,50,True,0.02,"[100, 50]",1,c3abb1342efd,test_terminal,val_f1,gossip,3,0.9247311827956989,0.010752688172043001,0.8980200246048351,0.9514423409865627,0.92316760280147,0.021051494098522885,0.8708727924226398,0.9754624131803002,0.7866666666666666,0.06110100926607787,0.6348833453227962,0.938449988010537,0.8480818826563508,0.028526223949193266,0.7772188139703243,0.9189449513423772,0.9252293728746287,0.045883324367862355,0.811248876471949,1.0392098692773084,322604000.0,0.0,322604000.0,322604000.0,184.248580774336,5.7713071445223205,169.911859050534,198.58530249813802,59.89901477033279,4.975263835339022,47.53977425105954,72.25825528960604
FD001,10,lifetime,none,ring,1,50,True,0.02,"[100, 50]",1,c3abb1342efd,test_terminal,val_f1,local,3,0.913978494623656,0.02844893882865155,0.8433074128201244,0.9846495764271875,0.9164274322169059,0.033115901428709946,0.8341629726192409,0.998691891814571,0.7466666666666666,0.08326663997864528,0.5398208661649762,0.953512467168357,0.8221147646679562,0.06340646606079656,0.664604371157514,0.9796251581783983,0.9158816050072939,0.03313812166840281,0.8335619472742437,0.998201262740344,0.0,0.0,0.0,0.0,185.1074484793262,7.589547846440462,166.25396645884993,203.96093049980246,30.345478053330226,1.6452842144470474,26.258365489674798,34.43259061698565
FD001,10,lifetime,none,ring,1,50,True,0.02,"[100, 50]",1,c3abb1342efd,test_terminal,val_fpr02,fedavg,3,0.9247311827956989,0.018624202231923397,0.8784660996801134,0.9709962659112844,0.9497354497354497,0.004582144993568442,0.9383527705562184,0.961118128914681,0.7600000000000001,0.06928203230275509,0.5878938908100216,0.9321061091899786,0.8432760364004044,0.04553419716561256,0.7301628200470313,0.9563892527537775,0.9588734705986881,0.005449233869212213,0.9453368232440309,0.9724101179533453,322604000.0,0.0,322604000.0,322604000.0,189.8118428026652,8.01315232623157,169.90606891907348,209.71761668625695,290.9937417020003,3.1612550759642115,283.1407487513355,298.84673465266513
FD001,10,lifetime,none,ring,1,50,True,0.02,"[100, 50]",1,c3abb1342efd,test_terminal,val_fpr02,gossip,3,0.9032258064516129,0.021505376344086002,0.8498034900698854,0.9566481228333403,0.9291666666666666,0.026020824993326627,0.8645273540098883,0.9938059793234448,0.6933333333333334,0.08326663997864532,0.4864875328316428,0.9001791338350239,0.7920505871725384,0.056787409213731155,0.6509828423921107,0.9331183319529661,0.9252293728746287,0.045883324367862355,0.811248876471949,1.0392098692773084,322604000.0,0.0,322604000.0,322604000.0,184.248580774336,5.7713071445223205,169.911859050534,198.58530249813802,59.89901477033279,4.975263835339022,47.53977425105954,72.25825528960604
FD001,10,lifetime,none,ring,1,50,True,0.02,"[100, 50]",1,c3abb1342efd,test_terminal,val_fpr02,local,3,0.8853046594982078,0.022383505370603556,0.8297009496859254,0.9409083693104902,0.9047270955165692,0.035783887274386014,0.8158349916652441,0.9936191993678942,0.6400000000000001,0.06928203230275509,0.46789389081002164,0.8121061091899786,0.74878392547139,0.05773735077456329,0.6053563950357402,0.8922114559070399,0.9158816050072939,0.03313812166840281,0.8335619472742437,0.998201262740344,0.0,0.0,0.0,0.0,185.1074484793262,7.589547846440462,166.25396645884993,203.96093049980246,30.345478053330226,1.6452842144470474,26.258365489674798,34.43259061698565
FD001,20,iid,none,ring,1,50,True,0.02,"[100, 50]",1,15ec19a42f2d,test_all,fixed,fedavg,3,0.9833636180092874,0.0020173625676231715,0.9783522115767812,0.9883750244417936,0.8182979938602127,0.03706419945542932,0.7262254182371447,0.9103705694832808,0.7550200803212851,0.028942841978714023,0.6831220750767311,0.8269180855658391,0.7850194081437998,0.024945825137092016,0.7230505431700202,0.8469882731175794,0.8750319401838741,0.03242738771002658,0.7944778434798478,0.9555860368879003,645208000.0,0.0,645208000.0,645208000.0,188.7988185603311,1.4071642069952301,185.30322888710901,192.2944082335532,530.307463213329,1.5666115364546616,526.4157844159589,534.1991420106991
FD001,20,iid,none,ring,1,50,True,0.02,"[100, 50]",1,15ec19a42f2d,test_all,fixed,gossip,3,0.9807389460932768,0.002864104280445056,0.9736241166398377,0.9878537755467159,0.7858054069234193,0.05060653814179207,0.6600917970642621,0.9115190167825764,0.7188755020080322,0.019129075183993607,0.6713562449525663,0.7663947590634981,0.7505490383200133,0.03177049806273429,0.6716267459612842,0.8294713306787423,0.8291394335913794,0.04399892652342349,0.7198400409380112,0.9384388262447476,645208000.0,0.0,645208000.0,645208000.0,189.30265319166634,2.416879488304237,183.29879171001394,195.30651467331873,39.6340874759995,1.581032155370105,35.70658587535472,43.56158907664428
FD001,20,iid,none,ring,1,50,True,0.02,"[100, 50]",1,15ec19a42f2d,test_all,val_f1,fedavg,3,0.9832020997375328,0.0029081700109074324,0.9759778049412563,0.9904263945338093,0.8392973988806393,0.018545531052527302,0.7932277458086194,0.8853670519526591,0.7228915662650602,0.11071069849089822,0.4478709450495996,0.9979121874805208,0.7727267940400419,0.05904552040626049,0.6260495900889265,0.9194039979911572,0.8750319401838741,0.03242738771002658,0.7944778434798478,0.9555860368879003,645208000.0,0.0,645208000.0,645208000.0,188.7988185603311,1.4071642069952301,185.30322888710901,192.2944082335532,530.307463213329,1.5666115364546616,526.4157844159589,534.1991420106991
FD001,20,iid,none,ring,1,50,True,0.02,"[100, 50]",1,15ec19a42f2d,test_all,val_f1,gossip,3,0.9796890773268725,0.0030773363833244863,0.9720445499653148,0.9873336046884302,0.7469055647580456,0.0488195816457959,0.6256310009198498,0.8681801285962414,0.7520080321285141,0.02005520517614272,0.7021881406335675,0.8018279236234607,0.7490920494112824,0.0319275208656337,0.6697796907862662,0.8284044080362986,0.8291394335913794,0.04399892652342349,0.7198400409380112,0.9384388262447476,645208000.0,0.0,645208000.0,645208000.0,189.30265319166634,2.416879488304237,183.29879171001394,195.30651467331873,39.6340874759995,1.581032155370105,35.70658587535472,43.56158907664428
FD001,20,iid,none,ring,1,50,True,0.02,"[100, 50]",1,15ec19a42f2d,test_all,val_fpr02,fedavg,3,0.9825560266505148,0.002977154628090729,0.9751603645651625,0.989951688735867,0.8395003779747284,0.05622094101415709,0.69983981821137,0.9791609377380869,0.7128514056224899,0.15258732122472932,0.33380348663317827,1.0918993246118016,0.7605793181594586,0.07437036483405958,0.5758330902385406,0.9453255460803766,0.8750319401838741,0.03242738771002658,0.7944778434798478,0.9555860368879003,645208000.0,0.0,645208000.0,645208000.0,188.7988185603311,1.4071642069952301,185.30322888710901,192.2944082335532,530.307463213329,1.5666115364546616,526.4157844159589,534.1991420106991
FD001,20,iid,none,ring,1,50,True,0.02,"[100, 50]",1,15ec19a42f2d,test_all,val_fpr02,gossip,3,0.9761760549162123,0.008642831251393387,0.9547060718683317,0.9976460379640929,0.8423436690638816,0.09502765128942675,0.6062818968367567,1.0784054412910065,0.5421686746987951,0.3265954841209869,-0.2691394838935045,1.353476833291095,0.5996299236002914,0.27160767655319207,-0.07508094852637892,1.2743407957269617,0.8291394335913794,0.04399892652342349,0.7198400409380112,0.9384388262447476,645208000.0,0.0,645208000.0,645208000.0,189.30265319166634,2.416879488304237,183.29879171001394,195.30651467331873,39.6340874759995,1.581032155370105,35.70658587535472,43.56158907664428
FD001,20,iid,none,ring,1,50,True,0.02,"[100, 50]",1,15ec19a42f2d,test_terminal,fixed,fedavg,3,0.946236559139785,0.010752688172043057,0.9195254009489211,0.9729477173306489,0.9544827153522806,0.0020711061974081684,0.9493378023422592,0.959627628362302,0.84,0.03999999999999998,0.7406344915299868,0.9393655084700131,0.8932829684448556,0.023552501447419067,0.8347753113932677,0.9517906254964434,0.9733541383790764,0.022528233764485192,0.9173909033055916,1.0293173734525611,645208000.0,0.0,645208000.0,645208000.0,188.7988185603311,1.4071642069952301,185.30322888710901,192.2944082335532,530.307463213329,1.5666115364546616,526.4157844159589,534.1991420106991
FD001,20,iid,none,ring,1,50,True,0.02,"[100, 50]",1,15ec19a42f2d,test_terminal,fixed,gossip,3,0.946236559139785,0.0,0.946236559139785,0.946236559139785,0.9696969696969697,0.026243194054073875,0.9045052616704627,1.0348886777234767,0.8266666666666667,0.023094010767584987,0.7692979636033406,0.8840353697299927,0.8920409771473601,0.002729788506806745,0.8852598065724988,0.8988221477222214,0.961883612721597,0.02309306746564695,0.9045172529501887,1.019249972493005,645208000.0,0.0,645208000.0,645208000.0,189.30265319166634,2.416879488304237,183.29879171001394,195.30651467331873,39.6340874759995,1.581032155370105,35.70658587535472,43.56158907664428
FD001,20,iid,none,ring,1,50,True,0.02,"[100, 50]",1,15ec19a42f2d,test_terminal,val_f1,fedavg,3,0.939068100358423,0.031040337053205722,0.8619596284991136,1.0161765722177325,0.9548148148148149,0.04099583437636062,0.8529755166158269,1.056654113013803,0.8133333333333334,0.12220201853215572,0.5097666906455927,1.116899976021074,0.8745803842264914,0.07272778047082391,0.6939145620670185,1.0552462063859642,0.9733541383790764,0.022528233764485192,0.9173909033055916,1.0293173734525611,645208000.0,0.0,645208000.0,645208000.0,188.7988185603311,1.4071642069952301,185.30322888710901,192.2944082335532,530.307463213329,1.5666115364546616,526.4157844159589,534.1991420106991
FD001,20,iid,none,ring,1,50,True,0.02,"[100, 50]",1,15ec19a42f2d,test_terminal,val_f1,gossip,3,0.946236559139785,0.01862420223192346,0.8999714760241992,0.9925016422553707,0.9420289855072465,0.05020437123388053,0.8173144136304504,1.0667435573840425,0.8533333333333334,0.02309401076758505,0.7959646302700072,0.9107020363966596,0.8953900709219859,0.035316638806812226,0.8076586766097185,0.9831214652342533,0.961883612721597,0.02309306746564695,0.9045172529501887,1.019249972493005,645208000.0,0.0,645208000.0,645208000.0,189.30265319166634,2.416879488304237,183.29879171001394,195.30651467331873,39.6340874759995,1.581032155370105,35.70658587535472,43.56158907664428
FD001,20,iid,none,ring,1,50,True,0.02,"[100, 50]",1,15ec19a42f2d,test_terminal,val_fpr02,fedavg,3,0.931899641577061,0.03456505649101421,0.846035281238952,1.01776400191517,0.9385739750445633,0.01741915166502493,0.8953024034867763,0.9818455466023503,0.7999999999999999,0.1442220510185596,0.44173256419881596,1.158267435801184,0.8585072610604526,0.08469384584445208,0.6481160846450802,1.068898437475825,0.9733541383790764,0.022528233764485192,0.9173909033055916,1.0293173734525611,645208000.0,0.0,645208000.0,645208000.0,188.7988185603311,1.4071642069952301,185.30322888710901,192.2944082335532,530.307463213329,1.5666115364546616,526.4157844159589,534.1991420106991
FD001,20,iid,none,ring,1,50,True,0.02,"[100, 50]",1,15ec19a42f2d,test_terminal,val_fpr02,gossip,3,0.8996415770609318,0.06208067410641131,0.7454246333423132,1.0538585207795503,0.9407114624505929,0.05138339920948619,0.8130680227163861,1.0683549021847996,0.6666666666666666,0.23437861108329258,0.08443792004699568,1.2488954132863377,0.7647306397306397,0.18124002024274716,0.3145054705672383,1.214955808894041,0.961883612721597,0.02309306746564695,0.9045172529501887,1.019249972493005,645208000.0,0.0,645208000.0,645208000.0,189.30265319166634,2.416879488304237,183.29879171001394,195.30651467331873,39.6340874759995,1.581032155370105,35.70658587535472,43.56158907664428
FD001,40,iid,none,ring,1,50,True,0.02,"[100, 50]",1,0d56a1322361,test_all,fixed,fedavg,3,0.9789218655360387,0.0016387340107169909,0.9748510245804887,0.9829927064915887,0.8823668715131361,0.11028035287170945,0.6084152880793888,1.1563184549468835,0.5652610441767069,0.07657556211111784,0.3750368025379993,0.7554852858154144,0.6817839552600673,0.031497331617008226,0.6035402459707512,0.7600276645493834,0.8092555102722311,0.04564122778266616,0.6958764151267232,0.922634605417739,1290416000.0,0.0,1290416000.0,1290416000.0,183.21241467433114,10.60211595982722,156.8752985941743,209.549530754488,1040.4352164793365,0.6543725806614512,1038.80966487418,1042.060768084493
FD001,40,iid,none,ring,1,50,True,0.02,"[100, 50]",1,0d56a1322361,test_all,fixed,gossip,3,0.9704825358368665,0.008407875485613746,0.9495962152673523,0.9913688564063807,0.6889496486273124,0.15674144779985758,0.29958230715334044,1.0783169901012846,0.571285140562249,0.09256026220076939,0.34135270261981915,0.8012175785046789,0.6117565378082508,0.06292670475524104,0.4554379374495777,0.7680751381669239,0.6781217307927069,0.06813963370928316,0.5088534970306225,0.8473899645547912,1290416000.0,0.0,1290416000.0,1290416000.0,188.77110095933736,12.861887995423935,156.8203999455959,220.7218019730788,33.69730588866688,0.7437521141961524,31.849723213598182,35.54488856373558
FD001,40,iid,none,ring,1,50,True,0.02,"[100, 50]",1,0d56a1322361,test_all,val_f1,fedavg,3,0.9783565515848981,0.0019012731462941606,0.9736335272618506,0.9830795759079456,0.7725413189330714,0.06561930589383927,0.6095339265433046,0.9355487113228382,0.6726907630522089,0.12361635624868209,0.3656107107056941,0.9797708153987237,0.7107680383375724,0.05083379708943745,0.5844898859562366,0.8370461907189082,0.8092555102722311,0.04564122778266616,0.6958764151267232,0.922634605417739,1290416000.0,0.0,1290416000.0,1290416000.0,183.21241467433114,10.60211595982722,156.8752985941743,209.549530754488,1040.4352164793365,0.6543725806614512,1038.80966487418,1042.060768084493
FD001,40,iid,none,ring,1,50,True,0.02,"[100, 50]",1,0d56a1322361,test_all,val_f1,gossip,3,0.9699979810216032,0.0069052603151563,0.9528443634632704,0.987151598579936,0.6421362992458354,0.09825079019004317,0.39806780612547976,0.886204792366191,0.6094377510040161,0.08521133491051708,0.39776106048421317,0.821114441523819,0.620970135009754,0.07100402501089638,0.4445863587941226,0.7973539112253853,0.6781217307927069,0.06813963370928316,0.5088534970306225,0.8473899645547912,1290416000.0,0.0,1290416000.0,1290416000.0,188.77110095933736,12.861887995423935,156.8203999455959,220.7218019730788,33.69730588866688,0.7437521141961524,31.849723213598182,35.54488856373558
FD001,40,iid,none,ring,1,50,True,0.02,"[100, 50]",1,0d56a1322361,test_all,val_fpr02,fedavg,3,0.9783969311528367,0.004685944038244067,0.966756400852283,0.9900374614533903,0.8329076140144842,0.07381911445915122,0.6495307679384926,1.016284460090476,0.6014056224899599,0.20938248913801968,0.08127068504205126,1.1215405599378685,0.6755558477234979,0.13629587617517927,0.3369781217606817,1.014133573686314,0.8092555102722311,0.04564122778266616,0.6958764151267232,0.922634605417739,1290416000.0,0.0,1290416000.0,1290416000.0,183.21241467433114,10.60211595982722,156.8752985941743,209.549530754488,1040.4352164793365,0.6543725806614512,1038.80966487418,1042.060768084493
FD001,40,iid,none,ring,1,50,True,0.02,"[100, 50]",1,0d56a1322361,test_all,val_fpr02,gossip,3,0.9699979810216032,0.007362934917221982,0.9517074367245687,0.9882885253186376,0.8102572330071127,0.17606103240501575,0.3728973828401162,1.2476170831741094,0.39457831325301207,0.2740963855421687,-0.2863148547267472,1.0754714812327713,0.4698220558421334,0.2678007672352858,-0.1954319292827122,1.135076040966979,0.6781217307927069,0.06813963370928316,0.5088534970306225,0.8473899645547912,1290416000.0,0.0,1290416000.0,1290416000.0,188.77110095933736,12.861887995423935,156.8203999455959,220.7218019730788,33.69730588866688,0.7437521141961524,31.849723213598182,35.54488856373558
FD001,40,iid,none,ring,1,50,True,0.02,"[100, 50]",1,0d56a1322361,test_terminal,fixed,fedavg,3,0.8996415770609318,0.016425002490881132,0.8588396089577409,0.9404435451641228,0.9289021164021164,0.02119242059525411,0.8762572251981713,0.9815470076060615,0.68,0.08000000000000002,0.48126898305997357,0.8787310169400265,0.7828306493378382,0.04767910074997744,0.6643891971024758,0.9012721015732006,0.9281291497448074,0.02968569447544845,0.8543857965988475,1.0018725028907673,1290416000.0,0.0,1290416000.0,1290416000.0,183.21241467433114,10.60211595982722,156.8752985941743,209.549530754488,1040.4352164793365,0.6543725806614512,1038.80966487418,1042.060768084493
FD001,40,iid,none,ring,1,50,True,0.02,"[100, 50]",1,0d56a1322361,test_terminal,fixed,gossip,3,0.8853046594982078,0.022383505370603556,0.8297009496859254,0.9409083693104902,0.8899122807017544,0.013179806316944499,0.8571718267962674,0.9226527346072415,0.6533333333333334,0.08326663997864528,0.446487532831643,0.8601791338350239,0.7518847006651885,0.06125635831418851,0.5997154708924219,0.9040539304379551,0.8696770081219425,0.045899242997661266,0.7556569676506599,0.983697048593225,1290416000.0,0.0,1290416000.0,1290416000.0,188.77110095933736,12.861887995423935,156.8203999455959,220.7218019730788,33.69730588866688,0.7437521141961524,31.849723213598182,35.54488856373558
FD001,40,iid,none,ring,1,50,True,0.02,"[100, 50]",1,0d56a1322361,test_terminal,val_f1,fedavg,3,0.9175627240143368,0.022383505370603556,0.8619590142020545,0.9731664338266192,0.9347399829497016,0.01930070995078816,0.8867943614973939,0.9826856044020094,0.7466666666666666,0.10066445913694332,0.4966022874916356,0.9967310458416976,0.8271164021164021,0.05850494857827388,0.6817820530290981,0.9724507512037062,0.9281291497448074,0.02968569447544845,0.8543857965988475,1.0018725028907673,1290416000.0,0.0,1290416000.0,1290416000.0,183.21241467433114,10.60211595982722,156.8752985941743,209.549530754488,1040.4352164793365,0.6543725806614512,1038.80966487418,1042.060768084493
FD001,40,iid,none,ring,1,50,True,0.02,"[100, 50]",1,0d56a1322361,test_terminal,val_f1,gossip,3,0.8853046594982078,0.016425002490881132,0.8445026913950169,0.9261066276013987,0.8782927312339077,0.013106734394601138,0.8457337980463839,0.9108516644214315,0.6666666666666666,0.08326663997864532,0.4598208661649761,0.8735124671683572,0.7556607996984049,0.0481491074351054,0.6360517861317414,0.8752698132650685,0.8696770081219425,0.045899242997661266,0.7556569676506599,0.983697048593225,1290416000.0,0.0,1290416000.0,1290416000.0,188.77110095933736,12.861887995423935,156.8203999455959,220.7218019730788,33.69730588866688,0.7437521141961524,31.849723213598182,35.54488856373558
FD001,40,iid,none,ring,1,50,True,0.02,"[100, 50]",1,0d56a1322361,test_terminal,val_fpr02,fedavg,3,0.9032258064516129,0.046869881113340534,0.7867945672327091,1.0196570456705167,0.9418192918192917,0.016274966147930368,0.9013900346537579,0.9822485489848255,0.68,0.17435595774162696,0.24687579010567756,1.1131242098943226,0.7818628697347232,0.13075437392191702,0.45705099849898523,1.1066747409704611,0.9281291497448074,0.02968569447544845,0.8543857965988475,1.0018725028907673,1290416000.0,0.0,1290416000.0,1290416000.0,183.21241467433114,10.60211595982722,156.8752985941743,209.549530754488,1040.4352164793365,0.6543725806614512,1038.80966487418,1042.060768084493
FD001,40,iid,none,ring,1,50,True,0.02,"[100, 50]",1,0d56a1322361,test_terminal,val_fpr02,gossip,3,0.8494623655913979,0.07051009165916129,0.6743055878419029,1.0246191433408929,0.9265873015873015,0.06529556615835053,0.7643841232832543,1.0887904798913488,0.49333333333333335,0.3055050463303894,-0.26558327338601867,1.2522499400526854,0.5949586182518497,0.2854656920430883,-0.11417747276329204,1.3040947092669914,0.8696770081219425,0.045899242997661266,0.7556569676506599,0.983697048593225,1290416000.0,0.0,1290416000.0,1290416000.0,188.77110095933736,12.861887995423935,156.8203999455959,220.7218019730788,33.69730588866688,0.7437521141961524,31.849723213598182,35.54488856373558
